UOLL4,2005-12-16,23.9008,23.9008,20.61444,20.9132,1.10441E+07,0
UOLL4,2005-12-19,20.31568,21.31154,19.03101,19.61857,3578600,0
UOLL4,2005-12-20,19.91733,20.47502,19.4194,20.1165,1480800,0
UOLL4,2005-12-21,20.51485,20.84349,19.87749,19.91733,1191700,0
UOLL4,2005-12-22,19.98704,20.56464,19.89741,20.46506,265000,0
UOLL4,2005-12-23,20.50489,20.71402,20.1165,20.1165,100300,0
UOLL4,2005-12-26,20.19617,20.41526,20.1165,20.15634,106300,0
UOLL4,2005-12-27,20.15634,20.47502,20.01692,20.1165,232500,0
UOLL4,2005-12-28,20.07667,20.1165,19.22022,19.27002,807600,0
UOLL4,2005-12-29,19.39948,19.71816,19.39948,19.61857,213500,0
UOLL4,2006-01-02,19.71816,19.91733,19.19035,19.86754,191800,0
UOLL4,2006-01-03,19.81774,20.51485,19.31981,20.51485,556200,0
UOLL4,2006-01-04,20.55468,21.21196,20.12646,21.21196,694200,0
UOLL4,2006-01-05,20.95303,21.202,20.76382,20.96299,540400,0
UOLL4,2006-01-06,20.81361,21.21196,20.81361,21.06258,604700,0
UOLL4,2006-01-09,20.90324,21.09245,20.56464,20.9132,677300,0
UOLL4,2006-01-10,20.90324,21.01278,20.41526,20.61444,273000,0
UOLL4,2006-01-11,20.6244,20.9132,20.58456,20.71402,1050700,0
UOLL4,2006-01-12,20.71402,20.80365,20.26588,20.26588,604300,0
UOLL4,2006-01-13,20.1663,20.40531,19.76795,19.91733,464800,0
UOLL4,2006-01-16,19.91733,19.91733,19.07084,19.55882,560700,0
UOLL4,2006-01-17,19.4194,19.86754,19.12064,19.61857,513200,0
UOLL4,2006-01-18,19.40944,19.61857,18.94138,19.61857,486700,0
UOLL4,2006-01-19,19.71816,19.71816,19.4194,19.42936,602200,0
UOLL4,2006-01-20,19.22022,19.55882,19.22022,19.5389,321400,0
UOLL4,2006-01-23,18.9115,18.9115,17.93556,18.17456,1839200,0
UOLL4,2006-01-24,18.07498,19.02105,17.43762,17.53721,1739700,0
UOLL4,2006-01-26,17.68659,18.78204,16.41188,18.78204,2339600,0
UOLL4,2006-01-27,18.32394,18.42353,17.14882,18.32394,2451100,0
UOLL4,2006-01-30,16.4318,16.68077,13.94213,13.94213,2506800,0
UOLL4,2006-01-31,14.44007,14.8882,12.99606,14.53965,2292000,0
UOLL4,2006-02-01,14.44007,15.42597,14.1413,15.38614,822500,0
UOLL4,2006-02-02,15.38614,16.33221,15.33634,15.93386,638400,0
UOLL4,2006-02-03,16.23262,17.37787,16.02349,17.31812,959800,0
UOLL4,2006-02-06,17.36791,18.02519,17.36791,17.72642,191900,0
UOLL4,2006-02-07,17.73638,18.01523,16.76043,17.08907,67500,0
UOLL4,2006-02-08,16.91977,16.91977,16.28242,16.63097,387300,0
UOLL4,2006-02-09,16.92973,17.42766,16.33221,16.63097,509100,0
UOLL4,2006-02-10,16.58118,17.02932,16.24258,16.73056,222100,0
UOLL4,2006-02-13,16.38201,16.38201,15.6351,15.6351,200500,0
UOLL4,2006-02-14,15.92391,15.93386,14.938,15.93386,163900,0
UOLL4,2006-02-15,15.92391,16.18283,15.28655,15.73469,149100,0
UOLL4,2006-02-16,15.73469,16.13304,15.43593,15.67494,264400,0
UOLL4,2006-02-17,15.73469,15.73469,14.938,14.938,208800,0
UOLL4,2006-02-20,14.96787,15.61519,14.938,15.61519,80000,0
UOLL4,2006-02-21,15.6351,16.33221,15.43593,15.6351,317700,0
UOLL4,2006-02-22,15.28655,15.71477,15.24672,15.38614,450600,0
UOLL4,2006-02-23,15.13717,16.08324,15.08738,15.43593,45300,0
UOLL4,2006-02-24,15.43593,15.83428,15.28655,15.6351,283000,0
UOLL4,2006-03-01,15.58531,15.93386,15.58531,15.88407,242100,0
UOLL4,2006-03-02,15.94382,16.4318,15.6849,16.33221,333200,0
UOLL4,2006-03-03,16.42184,17.72642,16.03345,17.72642,455900,0
UOLL4,2006-03-06,17.32808,18.02519,16.73056,17.11895,296600,0
UOLL4,2006-03-07,17.22849,17.22849,15.64506,16.38201,210800,0
UOLL4,2006-03-08,16.29238,16.29238,15.37618,15.60523,519800,0
UOLL4,2006-03-09,16.29238,16.29238,15.2268,15.2268,200000,0
UOLL4,2006-03-10,15.54548,16.33221,15.08738,15.43593,104900,0
UOLL4,2006-03-13,15.59527,15.83428,15.59527,15.6351,178300,0
UOLL4,2006-03-14,15.59527,15.93386,15.33634,15.6849,156700,0
UOLL4,2006-03-15,15.88407,16.39196,15.64506,16.39196,447200,0
UOLL4,2006-03-16,16.38201,16.38201,15.79444,15.79444,717100,0
UOLL4,2006-03-17,15.6351,15.93386,15.52556,15.73469,37600,0
UOLL4,2006-03-20,15.73469,15.94382,15.23676,15.35626,156200,0
UOLL4,2006-03-21,15.33634,15.38614,15.08738,15.14713,57700,0
UOLL4,2006-03-22,15.15709,15.23676,14.53965,14.95792,59500,0
UOLL4,2006-03-23,14.75874,15.43593,14.74878,14.98779,389400,0
UOLL4,2006-03-24,15.41601,15.93386,14.98779,15.04754,190000,0
UOLL4,2006-03-27,15.13717,15.73469,14.938,15.53552,212400,0
UOLL4,2006-03-28,15.30647,15.93386,15.04754,15.16705,175000,0
UOLL4,2006-03-29,15.62514,15.83428,14.938,14.938,128200,0
UOLL4,2006-03-30,15.23676,15.42597,14.73882,15.18696,142100,0
UOLL4,2006-03-31,15.24672,15.33634,14.938,14.938,119600,0
UOLL4,2006-04-03,14.938,15.6351,14.938,15.23676,151000,0
UOLL4,2006-04-04,15.23676,16.08324,15.23676,16.08324,140500,0
UOLL4,2006-04-05,16.08324,16.08324,15.56539,15.78448,264400,0
UOLL4,2006-04-06,15.53552,15.6351,15.27659,15.27659,285400,0
UOLL4,2006-04-07,15.43593,15.78448,15.13717,15.43593,726600,0
UOLL4,2006-04-10,15.47577,15.73469,14.83841,15.43593,562300,0
UOLL4,2006-04-11,15.23676,15.6351,14.938,15.03758,143600,0
UOLL4,2006-04-12,15.03758,15.08738,14.938,15.03758,450300,0
UOLL4,2006-04-13,14.94796,15.12721,14.83841,14.83841,834000,0
UOLL4,2006-04-17,14.83841,15.28655,14.83841,15.13717,298200,0
UOLL4,2006-04-18,15.43593,15.98366,15.33634,15.73469,2188600,0
UOLL4,2006-04-19,15.90399,16.41188,15.83428,16.13304,473400,0
UOLL4,2006-04-20,16.03345,16.38201,15.59527,16.32225,281300,0
UOLL4,2006-04-24,16.32225,16.32225,15.78448,15.92391,198900,0
UOLL4,2006-04-25,15.81436,15.82432,15.23676,15.23676,364300,0
UOLL4,2006-04-26,15.25667,15.62514,15.25667,15.27659,136100,0
UOLL4,2006-04-27,15.23676,15.33634,14.66911,14.78862,591700,0
UOLL4,2006-04-28,14.938,15.02763,14.6492,14.938,516600,0
UOLL4,2006-05-02,14.938,15.33634,14.83841,15.33634,336400,0
UOLL4,2006-05-03,15.33634,15.33634,15.13717,15.28655,112900,0
UOLL4,2006-05-04,15.32639,15.77453,15.23676,15.67494,192100,0
UOLL4,2006-05-05,15.67494,16.13304,15.6351,15.98366,307800,0
UOLL4,2006-05-08,15.84424,16.03345,15.23676,16.03345,299500,0
UOLL4,2006-05-09,16.08324,16.4318,15.73469,16.28242,506100,0
UOLL4,2006-05-10,16.33221,16.33221,15.45585,15.73469,195700,0
UOLL4,2006-05-11,15.92391,15.92391,14.84837,14.938,233300,0
UOLL4,2006-05-12,14.78862,14.83841,14.39027,14.48986,384600,0
UOLL4,2006-05-15,14.42015,14.44007,12.38858,12.84668,1066000,0
UOLL4,2006-05-16,13.14544,13.69316,13.09564,13.5637,366300,0
UOLL4,2006-05-17,13.69316,13.69316,12.79688,13.23507,82900,0
UOLL4,2006-05-18,13.24503,13.28486,12.79688,13.19523,127000,0
UOLL4,2006-05-19,13.30478,13.64337,12.89647,12.93631,93100,0
UOLL4,2006-05-22,12.89647,12.89647,11.85081,12.0699,119100,0
UOLL4,2006-05-23,12.24916,12.44833,11.45247,12.04999,253900,0
UOLL4,2006-05-24,11.76118,11.76118,10.72548,10.95453,920300,0
UOLL4,2006-05-25,11.39271,12.94627,11.25329,12.44833,678300,0
UOLL4,2006-05-26,12.80684,13.24503,12.44833,12.84668,165300,0
UOLL4,2006-05-29,12.74709,12.84668,12.43837,12.54792,13500,0
UOLL4,2006-05-30,12.43837,12.43837,11.85081,11.9504,143000,0
UOLL4,2006-05-31,11.85081,12.24916,11.85081,11.9504,262400,0
UOLL4,2006-06-01,11.85081,12.82676,11.85081,12.80684,138200,0
UOLL4,2006-06-02,12.84668,13.29482,12.84668,13.29482,198100,0
UOLL4,2006-06-05,13.04585,13.24503,12.74709,13.24503,342100,0
UOLL4,2006-06-06,13.19523,13.24503,12.6973,13.19523,327900,0
UOLL4,2006-06-07,13.04585,13.59358,12.59771,12.95622,105100,0
UOLL4,2006-06-08,12.6475,12.94627,12.44833,12.94627,87400,0
UOLL4,2006-06-09,13.23507,13.23507,12.6973,12.6973,33000,0
UOLL4,2006-06-12,12.59771,12.63755,12.29895,12.44833,75500,0
UOLL4,2006-06-13,12.33879,12.44833,11.60185,11.85081,165300,0
UOLL4,2006-06-14,11.9504,11.9504,10.70556,10.73544,285800,0
UOLL4,2006-06-16,11.45247,11.55205,10.85495,11.45247,641000,0
UOLL4,2006-06-19,11.6616,11.6616,11.40267,11.57197,83100,0
UOLL4,2006-06-20,11.45247,11.75123,11.45247,11.65164,161500,0
UOLL4,2006-06-21,11.60185,11.93048,11.60185,11.65164,245700,0
UOLL4,2006-06-22,11.60185,11.75123,11.60185,11.75123,13000,0
UOLL4,2006-06-23,11.75123,11.75123,11.36284,11.70143,40600,0
UOLL4,2006-06-26,11.70143,11.76118,11.50226,11.6118,101900,0
UOLL4,2006-06-27,11.55205,11.73131,11.25329,11.35288,28000,0
UOLL4,2006-06-28,11.35288,11.9504,11.35288,11.9504,219500,0
UOLL4,2006-06-29,11.94044,12.94627,11.94044,12.92635,398500,0
UOLL4,2006-06-30,12.99606,13.24503,12.24916,12.44833,282700,0
UOLL4,2006-07-03,12.44833,12.89647,12.2392,12.89647,82800,0
UOLL4,2006-07-04,12.84668,12.89647,12.54792,12.89647,52300,0
UOLL4,2006-07-05,12.44833,12.47821,12.19936,12.34874,65500,0
UOLL4,2006-07-06,12.39854,12.84668,12.39854,12.6973,14900,0
UOLL4,2006-07-07,12.6973,12.94627,12.49813,12.74709,108600,0
UOLL4,2006-07-10,12.79688,12.88651,12.6475,12.84668,88100,0
UOLL4,2006-07-11,12.6973,12.91639,12.59771,12.91639,30100,0
UOLL4,2006-07-12,12.90643,12.90643,12.6475,12.79688,20200,0
UOLL4,2006-07-13,12.6475,12.74709,12.34874,12.56783,18800,0
UOLL4,2006-07-14,12.6973,12.6973,12.34874,12.34874,8000,0
UOLL4,2006-07-17,12.29895,12.29895,11.75123,11.80102,108900,0
UOLL4,2006-07-18,11.77114,11.84085,11.45247,11.71139,40900,0
UOLL4,2006-07-19,11.93048,11.9504,11.6616,11.9504,95700,0
UOLL4,2006-07-20,12.00019,12.00019,11.64168,11.65164,168500,0
UOLL4,2006-07-21,11.70143,11.70143,11.47238,11.55205,31300,0
UOLL4,2006-07-24,11.56201,11.56201,11.2035,11.21346,58900,0
UOLL4,2006-07-25,11.2035,11.2035,11.00433,11.04416,89400,0
UOLL4,2006-07-26,11.19354,11.19354,10.89478,11.17362,148900,0
UOLL4,2006-07-27,11.25329,11.30309,11.1537,11.17362,127200,0
UOLL4,2006-07-28,11.25329,11.6118,11.18358,11.50226,100400,0
UOLL4,2006-07-31,11.50226,11.50226,11.33296,11.33296,23700,0
UOLL4,2006-08-01,11.25329,11.35288,11.05412,11.35288,225700,0
UOLL4,2006-08-02,11.35288,11.9504,11.35288,11.84085,206500,0
UOLL4,2006-08-03,11.75123,11.93048,11.40267,11.72135,174000,0
UOLL4,2006-08-04,11.85081,12.14957,11.76118,11.80102,74900,0
UOLL4,2006-08-07,11.55205,11.85081,11.55205,11.70143,85000,0
UOLL4,2006-08-08,11.9504,12.14957,11.94044,11.9504,203700,0
UOLL4,2006-08-09,11.9504,12.44833,11.94044,12.22924,273400,0
UOLL4,2006-08-10,12.24916,12.53796,11.81098,12.44833,99100,0
UOLL4,2006-08-11,12.44833,13.14544,12.32883,12.54792,181700,0
UOLL4,2006-08-14,12.54792,12.83672,12.39854,12.45829,51500,0
UOLL4,2006-08-15,12.54792,12.94627,12.45829,12.94627,411300,0
UOLL4,2006-08-16,12.91639,13.2749,12.91639,13.24503,75200,0
UOLL4,2006-08-17,13.23507,13.23507,12.79688,13.03589,18800,0
UOLL4,2006-08-18,13.03589,13.03589,12.54792,12.83672,99500,0
UOLL4,2006-08-21,12.49813,12.6475,12.44833,12.59771,84900,0
UOLL4,2006-08-22,12.59771,12.59771,12.34874,12.34874,26200,0
UOLL4,2006-08-23,12.31887,12.34874,12.09978,12.18941,42200,0
UOLL4,2006-08-24,12.18941,12.2392,11.9006,12.09978,69700,0
UOLL4,2006-08-25,12.29895,12.29895,11.71139,11.9504,187600,0
UOLL4,2006-08-28,11.9504,11.9504,11.85081,11.86077,53100,0
UOLL4,2006-08-29,12.13961,12.16949,11.71139,11.85081,54700,0
UOLL4,2006-08-30,11.86077,11.87073,11.70143,11.7811,9900,0
UOLL4,2006-08-31,11.9504,12.24916,11.75123,12.19936,576800,0
UOLL4,2006-09-01,12.19936,13.14544,12.19936,13.04585,328400,0
UOLL4,2006-09-04,13.03589,13.49399,12.84668,13.43424,120300,0
UOLL4,2006-09-05,13.19523,13.54379,13.04585,13.43424,91900,0
UOLL4,2006-09-06,13.34461,13.34461,13.01598,13.28486,11400,0
UOLL4,2006-09-08,13.32469,14.23093,13.29482,14.1413,444000,0
UOLL4,2006-09-11,13.99193,14.12139,13.5637,14.01184,250500,0
UOLL4,2006-09-12,14.09151,14.24089,13.77283,13.94213,155100,0
UOLL4,2006-09-13,13.94213,14.44007,13.69316,14.42015,79300,0
UOLL4,2006-09-14,14.39027,14.72887,14.15126,14.39027,59200,0
UOLL4,2006-09-15,14.25085,14.34048,13.64337,13.84254,51900,0
UOLL4,2006-09-18,13.79275,14.1413,13.74296,14.04172,37000,0
UOLL4,2006-09-19,13.74296,13.74296,13.50395,13.67325,32100,0
UOLL4,2006-09-20,13.69316,14.04172,13.54379,14.03176,333400,0
UOLL4,2006-09-21,13.84254,13.84254,13.3944,13.43424,25700,0
UOLL4,2006-09-22,13.34461,13.4442,13.14544,13.14544,3500,0
UOLL4,2006-09-25,13.4442,13.4442,13.04585,13.14544,36100,0
UOLL4,2006-09-26,13.19523,13.19523,13.14544,13.1554,29700,0
UOLL4,2006-09-27,12.94627,12.97614,12.6973,12.75705,103300,0
UOLL4,2006-09-28,12.84668,13.49399,12.6475,13.14544,75400,0
UOLL4,2006-09-29,13.4442,13.4442,12.84668,12.84668,97600,0
UOLL4,2006-10-02,13.24503,13.24503,12.49813,12.78693,372900,0
UOLL4,2006-10-03,12.47821,12.84668,12.44833,12.62759,358600,0
UOLL4,2006-10-04,12.47821,12.96618,12.47821,12.96618,196000,0
UOLL4,2006-10-05,13.14544,13.34461,12.84668,12.88651,34900,0
UOLL4,2006-10-06,12.79688,12.84668,12.56783,12.59771,45200,0
UOLL4,2006-10-09,12.6475,12.94627,12.6475,12.93631,10800,0
UOLL4,2006-10-10,12.94627,12.94627,12.70726,12.85664,31300,0
UOLL4,2006-10-11,12.84668,12.89647,12.65746,12.79688,41200,0
UOLL4,2006-10-13,12.8168,13.14544,12.8168,12.89647,69000,0
UOLL4,2006-10-16,12.79688,12.99606,12.79688,12.94627,34300,0
UOLL4,2006-10-17,12.89647,12.89647,12.56783,12.61763,45100,0
UOLL4,2006-10-18,12.6973,12.84668,12.49813,12.63755,207600,0
UOLL4,2006-10-19,12.6973,12.6973,12.39854,12.61763,148500,0
UOLL4,2006-10-20,12.61763,12.61763,12.19936,12.42841,63900,0
UOLL4,2006-10-23,12.42841,12.6475,12.34874,12.59771,73400,0
UOLL4,2006-10-24,12.54792,12.59771,12.16949,12.44833,230900,0
UOLL4,2006-10-25,12.46825,12.83672,12.34874,12.45829,72700,0
UOLL4,2006-10-26,12.45829,12.73713,12.3587,12.49813,46600,0
UOLL4,2006-10-27,12.63755,12.63755,12.38858,12.44833,342300,0
UOLL4,2006-10-30,12.44833,12.49813,12.27903,12.39854,376600,0
UOLL4,2006-10-31,12.39854,12.44833,12.33879,12.38858,23500,0
UOLL4,2006-11-01,12.44833,12.49813,12.34874,12.44833,74900,0
UOLL4,2006-11-03,12.43837,12.528,12.34874,12.44833,370400,0
UOLL4,2006-11-06,12.54792,12.9861,12.44833,12.93631,217400,0
UOLL4,2006-11-07,13.00602,13.19523,12.97614,13.14544,95900,0
UOLL4,2006-11-08,13.29482,13.4442,12.94627,13.3944,157900,0
UOLL4,2006-11-09,13.49399,13.84254,12.74709,12.94627,146300,0
UOLL4,2006-11-10,12.84668,13.04585,12.84668,12.89647,49100,0
UOLL4,2006-11-13,12.76701,12.94627,12.74709,12.79688,106800,0
UOLL4,2006-11-14,12.92635,12.92635,12.59771,12.85664,53200,0
UOLL4,2006-11-16,12.94627,12.94627,12.6973,12.6973,334400,0
UOLL4,2006-11-17,12.6475,12.6475,12.44833,12.44833,92900,0
UOLL4,2006-11-21,12.46825,12.84668,12.44833,12.6973,148900,0
UOLL4,2006-11-22,12.74709,12.74709,12.43837,12.54792,538900,0
UOLL4,2006-11-23,12.79688,13.12552,12.6973,12.99606,154500,0
UOLL4,2006-11-24,12.89647,13.09564,12.78693,12.94627,241300,0
UOLL4,2006-11-27,12.94627,12.94627,12.59771,12.6973,84000,0
UOLL4,2006-11-28,12.63755,13.02593,12.63755,12.94627,227600,0
UOLL4,2006-11-29,12.99606,13.08569,12.84668,12.85664,1716100,0
UOLL4,2006-11-30,12.85664,13.04585,12.6973,12.84668,24700,0
UOLL4,2006-12-01,12.89647,12.92635,12.44833,12.62759,55800,0
UOLL4,2006-12-04,12.70726,12.74709,12.34874,12.59771,101100,0
UOLL4,2006-12-05,12.6475,12.72717,12.3587,12.36866,484300,0
UOLL4,2006-12-06,12.63755,12.63755,12.29895,12.39854,226700,0
UOLL4,2006-12-07,12.39854,12.79688,12.34874,12.44833,93500,0
UOLL4,2006-12-08,12.44833,12.54792,12.31887,12.39854,115300,0
UOLL4,2006-12-11,12.44833,12.44833,12.25912,12.25912,126000,0
UOLL4,2006-12-12,12.28899,12.39854,11.73131,11.75123,346500,0
UOLL4,2006-12-13,11.77114,11.85081,11.40267,11.65164,233000,0
UOLL4,2006-12-14,11.65164,11.9504,11.65164,11.9006,203800,0
UOLL4,2006-12-15,11.9504,12.00019,11.38276,11.6616,673800,0
UOLL4,2006-12-18,11.6616,12.02011,11.44251,11.45247,571500,0
UOLL4,2006-12-19,11.50226,11.51222,11.21346,11.26325,230600,0
UOLL4,2006-12-20,11.44251,12.02011,11.40267,11.50226,454100,0
UOLL4,2006-12-21,11.65164,11.70143,11.35288,11.55205,134000,0
UOLL4,2006-12-22,11.6118,12.04999,11.33296,11.9504,543500,0
UOLL4,2006-12-26,11.91056,11.96036,11.75123,11.94044,119600,0
UOLL4,2006-12-27,11.94044,11.94044,11.80102,11.88069,55800,0
UOLL4,2006-12-28,11.9006,11.92052,11.56201,11.56201,104600,0
UOLL4,2007-01-02,11.56201,11.75123,11.38276,11.56201,304700,0
UOLL4,2007-01-03,11.70143,11.70143,11.30309,11.35288,151100,0
UOLL4,2007-01-04,11.35288,11.54209,11.1537,11.50226,162000,0
UOLL4,2007-01-05,11.54209,11.54209,11.17362,11.17362,90600,0
UOLL4,2007-01-08,11.21346,11.25329,10.96449,11.1537,160100,0
UOLL4,2007-01-09,11.2035,11.29313,10.80515,10.95453,153300,0
UOLL4,2007-01-10,10.85495,11.31304,10.77528,11.23337,699400,0
UOLL4,2007-01-11,11.10391,11.51222,11.10391,11.40267,544300,0
UOLL4,2007-01-12,11.4923,11.75123,11.45247,11.73131,201700,0
UOLL4,2007-01-15,11.70143,11.74127,11.53213,11.71139,135300,0
UOLL4,2007-01-16,11.69147,11.69147,11.25329,11.30309,267400,0
UOLL4,2007-01-17,11.25329,11.30309,11.12383,11.2035,271700,0
UOLL4,2007-01-18,11.30309,11.30309,11.05412,11.08399,134400,0
UOLL4,2007-01-19,11.08399,11.1537,10.9147,11.00433,1793800,0
UOLL4,2007-01-22,11.16366,11.25329,10.95453,11.2035,447200,0
UOLL4,2007-01-23,11.19354,11.3728,11.19354,11.26325,1624800,0
UOLL4,2007-01-24,11.27321,11.9504,11.27321,11.85081,824500,0
UOLL4,2007-01-26,11.75123,12.41846,11.50226,12.39854,729300,0
UOLL4,2007-01-29,12.32883,12.34874,11.67156,11.94044,220300,0
UOLL4,2007-01-30,11.9504,12.14957,11.81098,12.14957,249400,0
UOLL4,2007-01-31,11.9504,12.29895,11.86077,12.08982,113800,0
UOLL4,2007-02-01,12.09978,12.33879,11.9006,12.07986,228300,0
UOLL4,2007-02-02,12.03007,12.39854,11.9504,12.18941,256300,0
UOLL4,2007-02-05,12.19936,12.33879,12.09978,12.19936,197300,0
UOLL4,2007-02-06,12.19936,12.19936,11.70143,11.9504,292000,0
UOLL4,2007-02-07,11.94044,12.04999,11.63172,11.63172,104800,0
UOLL4,2007-02-08,11.74127,11.85081,11.46242,11.84085,68400,0
UOLL4,2007-02-09,11.88069,11.94044,11.54209,11.75123,261100,0
UOLL4,2007-02-12,11.68151,11.9006,11.34292,11.35288,215800,0
UOLL4,2007-02-13,11.45247,11.73131,11.323,11.55205,493300,0
UOLL4,2007-02-14,11.70143,11.70143,11.18358,11.18358,382000,0
UOLL4,2007-02-15,11.30309,11.33296,11.10391,11.1537,117700,0
UOLL4,2007-02-16,11.1537,11.26325,10.93461,10.95453,153400,0
UOLL4,2007-02-21,11.22342,11.22342,10.88482,11.09395,262000,0
UOLL4,2007-02-22,11.24333,11.34292,11.04416,11.19354,101900,0
UOLL4,2007-02-23,11.24333,11.28317,10.87486,10.87486,376200,0
UOLL4,2007-02-26,11.00433,11.25329,10.89478,11.25329,370000,0
UOLL4,2007-02-27,10.95453,11.00433,9.948707,10.94457,392800,0
UOLL4,2007-02-28,11.04416,11.04416,10.25743,10.41676,767000,0
UOLL4,2007-03-01,10.39685,10.39685,10.00846,10.19767,120800,0
UOLL4,2007-03-02,10.1678,10.40681,9.590195,9.859079,169400,0
UOLL4,2007-03-05,9.610111,9.709699,9.361145,9.610111,152100,0
UOLL4,2007-03-06,9.719657,10.14788,9.520484,9.859079,718600,0
UOLL4,2007-03-07,9.948707,9.988542,9.610111,9.659905,334100,0
UOLL4,2007-03-08,9.789368,9.859079,9.540401,9.560319,403000,0
UOLL4,2007-03-09,9.749534,10.15784,9.18189,10.15784,793800,0
UOLL4,2007-03-12,10.10805,10.40681,9.908872,10.30722,413200,0
UOLL4,2007-03-13,10.23751,10.44664,10.20763,10.29726,411300,0
UOLL4,2007-03-14,10.15784,10.93461,10.01842,10.55619,365200,0
UOLL4,2007-03-15,10.68565,10.83503,10.55619,10.55619,140300,0
UOLL4,2007-03-16,10.75536,10.75536,10.29726,10.55619,48900,0
UOLL4,2007-03-19,10.7454,10.7454,10.35701,10.4566,203200,0
UOLL4,2007-03-20,10.4566,10.73544,10.30722,10.69561,197800,0
UOLL4,2007-03-21,10.65577,11.25329,10.65577,10.95453,617000,0
UOLL4,2007-03-22,11.19354,11.19354,10.70556,10.7454,85600,0
UOLL4,2007-03-23,10.89478,11.02424,10.70556,10.70556,199900,0
UOLL4,2007-03-26,10.70556,10.94457,10.70556,10.70556,317800,0
UOLL4,2007-03-27,10.75536,10.77528,10.60598,10.65577,523600,0
UOLL4,2007-03-28,10.64581,10.95453,10.64581,10.84499,155500,0
UOLL4,2007-03-29,10.95453,10.95453,10.70556,10.77528,39800,0
UOLL4,2007-03-30,10.70556,10.90474,10.70556,10.83503,24800,0
UOLL4,2007-04-02,10.83503,10.83503,10.70556,10.83503,30200,0
UOLL4,2007-04-03,10.83503,10.83503,10.70556,10.70556,66700,0
UOLL4,2007-04-04,10.75536,10.75536,10.66573,10.68565,259500,0
UOLL4,2007-04-05,10.64581,10.75536,10.60598,10.61594,123500,0
UOLL4,2007-04-09,10.65577,10.84499,10.60598,10.64581,62600,0
UOLL4,2007-04-10,10.68565,10.70556,10.4566,10.60598,1149100,0
UOLL4,2007-04-11,10.68565,10.70556,10.40681,10.51635,130500,0
UOLL4,2007-04-12,10.4566,10.70556,10.30722,10.35701,46200,0
UOLL4,2007-04-13,10.35701,10.4566,10.15784,10.4566,66600,0
UOLL4,2007-04-16,10.4566,10.4566,10.20763,10.42672,89800,0
UOLL4,2007-04-17,10.35701,10.39685,10.27734,10.31718,106700,0
UOLL4,2007-04-18,10.30722,10.30722,10.21759,10.21759,77000,0
UOLL4,2007-04-19,10.23751,10.25743,9.958665,10.00846,185100,0
UOLL4,2007-04-20,10.118,10.30722,10.10805,10.21759,202700,0
UOLL4,2007-04-23,10.25743,10.25743,10.15784,10.24747,67000,0
UOLL4,2007-04-24,10.1678,10.40681,10.15784,10.32714,41700,0
UOLL4,2007-04-25,10.35701,10.44664,10.2873,10.35701,87000,0
UOLL4,2007-04-26,10.40681,10.43668,10.25743,10.25743,75100,0
UOLL4,2007-04-27,10.25743,10.25743,10.06821,10.20763,45300,0
UOLL4,2007-04-30,10.22755,10.30722,10.15784,10.30722,45200,0
UOLL4,2007-05-02,10.40681,10.40681,10.2873,10.40681,73200,0
UOLL4,2007-05-03,10.39685,10.56614,9.968624,9.968624,124800,0
UOLL4,2007-05-04,10.38689,10.55619,10.26738,10.38689,71200,0
UOLL4,2007-05-07,10.38689,10.40681,10.25743,10.35701,62900,0
UOLL4,2007-05-08,10.22755,10.30722,10.15784,10.30722,58400,0
UOLL4,2007-05-09,10.1678,10.4566,10.12796,10.34705,99400,0
UOLL4,2007-05-10,10.32714,10.42672,10.25743,10.35701,179300,0
UOLL4,2007-05-11,10.38689,10.51635,10.38689,10.4566,63200,0
UOLL4,2007-05-14,10.4566,10.60598,10.4566,10.55619,80500,0
UOLL4,2007-05-15,10.58606,11.2035,10.50639,10.85495,464700,0
UOLL4,2007-05-16,11.10391,11.34292,10.93461,11.11387,518700,0
UOLL4,2007-05-17,11.1537,11.1537,10.85495,10.85495,110500,0
UOLL4,2007-05-18,10.95453,11.08399,10.80515,11.05412,102800,0
UOLL4,2007-05-21,11.11387,11.25329,11.05412,11.05412,134400,0
UOLL4,2007-05-22,11.00433,11.05412,10.85495,10.95453,63800,0
UOLL4,2007-05-23,10.95453,11.54209,10.95453,11.45247,292100,0
UOLL4,2007-05-24,11.45247,11.53213,11.25329,11.35288,143400,0
UOLL4,2007-05-25,11.35288,12.26908,11.29313,12.13961,516800,0
UOLL4,2007-05-28,12.09978,13.03589,12.09978,12.85664,509400,0
UOLL4,2007-05-29,12.94627,12.96618,12.24916,12.55788,163900,0
UOLL4,2007-05-30,12.29895,12.53796,12.19936,12.24916,250800,0
UOLL4,2007-05-31,12.44833,12.54792,11.9504,12.43837,216100,0
UOLL4,2007-06-01,12.44833,13.24503,12.44833,13.09564,621400,0
UOLL4,2007-06-04,12.94627,13.14544,12.84668,12.95622,150900,0
UOLL4,2007-06-05,13.02593,13.02593,12.49813,12.49813,143100,0
UOLL4,2007-06-06,12.50808,12.6475,12.14957,12.24916,153600,0
UOLL4,2007-06-08,12.00019,12.19936,11.70143,12.19936,56900,0
UOLL4,2007-06-11,12.18941,12.49813,12.04999,12.2392,97000,0
UOLL4,2007-06-12,12.19936,12.19936,11.89065,11.92052,361900,0
UOLL4,2007-06-13,12.04999,12.89647,12.04999,12.24916,171600,0
UOLL4,2007-06-14,12.54792,12.89647,12.34874,12.6475,333000,0
UOLL4,2007-06-15,12.79688,12.89647,12.46825,12.59771,95600,0
UOLL4,2007-06-18,12.59771,12.59771,12.24916,12.24916,65000,0
UOLL4,2007-06-19,12.21928,12.21928,11.9504,12.04999,135000,0
UOLL4,2007-06-20,12.05994,12.05994,11.70143,11.85081,207200,0
UOLL4,2007-06-21,11.83089,12.03007,11.80102,11.9504,44100,0
UOLL4,2007-06-22,12.00019,12.02011,11.9006,12.01015,221100,0
UOLL4,2007-06-25,12.02011,12.04999,11.94044,11.97032,35700,0
UOLL4,2007-06-26,12.09978,12.19936,11.75123,11.9504,168700,0
UOLL4,2007-06-27,11.92052,11.92052,11.60185,11.75123,79300,0
UOLL4,2007-06-28,11.85081,11.85081,11.75123,11.75123,86500,0
UOLL4,2007-06-29,11.9504,11.9504,11.40267,11.45247,180900,0
UOLL4,2007-07-02,11.47238,12.24916,11.40267,11.65164,425000,0
UOLL4,2007-07-03,11.84085,12.14957,11.54209,12.01015,215600,0
UOLL4,2007-07-04,12.01015,12.33879,11.9006,12.03007,251400,0
UOLL4,2007-07-05,12.00019,12.10974,11.86077,11.88069,156200,0
UOLL4,2007-07-06,11.9504,12.0699,11.65164,11.80102,238800,0
UOLL4,2007-07-10,11.9006,11.9006,11.52218,11.55205,107800,0
UOLL4,2007-07-11,11.6118,11.65164,11.25329,11.45247,169800,0
UOLL4,2007-07-12,11.45247,11.60185,11.31304,11.43255,113000,0
UOLL4,2007-07-13,11.43255,11.44251,11.13379,11.1537,167000,0
UOLL4,2007-07-16,11.18358,11.18358,10.68565,10.76532,528300,0
UOLL4,2007-07-17,10.8649,10.90474,10.50639,10.59602,412800,0
UOLL4,2007-07-18,10.73544,10.73544,10.55619,10.60598,367900,0
UOLL4,2007-07-19,10.75536,11.25329,10.75536,11.05412,465300,0
UOLL4,2007-07-20,11.1537,11.25329,10.55619,10.80515,253200,0
UOLL4,2007-07-23,10.80515,10.80515,10.60598,10.60598,153500,0
UOLL4,2007-07-24,10.55619,10.55619,10.01842,10.15784,211500,0
UOLL4,2007-07-25,10.24747,10.35701,10.03833,10.25743,145300,0
UOLL4,2007-07-26,10.25743,10.25743,9.709699,9.859079,220900,0
UOLL4,2007-07-27,9.859079,10.4566,9.859079,10.30722,69300,0
UOLL4,2007-07-30,10.44664,10.90474,10.26738,10.7454,158900,0
UOLL4,2007-07-31,10.76532,10.94457,10.4566,10.55619,116200,0
UOLL4,2007-08-01,10.4566,10.6259,10.20763,10.50639,478300,0
UOLL4,2007-08-02,10.58606,10.80515,10.47652,10.65577,304300,0
UOLL4,2007-08-03,10.65577,10.95453,10.4566,10.4566,250000,0
UOLL4,2007-08-06,10.4566,10.89478,10.30722,10.85495,534800,0
UOLL4,2007-08-07,10.84499,11.10391,10.75536,10.95453,596600,0
UOLL4,2007-08-08,11.19354,12.28899,11.00433,12.19936,1374400,0
UOLL4,2007-08-09,12.11969,12.83672,11.27321,11.9504,677400,0
UOLL4,2007-08-10,11.65164,12.33879,11.55205,11.96036,445600,0
UOLL4,2007-08-13,12.14957,12.44833,12.12965,12.32883,611800,0
UOLL4,2007-08-14,12.42841,12.44833,11.80102,11.80102,314500,0
UOLL4,2007-08-15,11.71139,11.9504,10.65577,10.96449,667300,0
UOLL4,2007-08-16,10.4566,10.60598,10.15784,10.4566,623300,0
UOLL4,2007-08-17,10.67569,11.75123,10.65577,11.30309,133700,0
UOLL4,2007-08-20,11.85081,12.04999,11.45247,11.70143,352600,0
UOLL4,2007-08-21,11.85081,11.85081,11.36284,11.36284,300800,0
UOLL4,2007-08-22,11.35288,11.65164,11.24333,11.35288,355800,0
UOLL4,2007-08-23,11.35288,11.45247,11.16366,11.2035,225100,0
UOLL4,2007-08-24,11.2035,11.30309,11.00433,11.10391,191000,0
UOLL4,2007-08-27,11.05412,11.2035,11.05412,11.2035,100800,0
UOLL4,2007-08-28,11.25329,11.25329,10.65577,10.70556,328700,0
UOLL4,2007-08-29,10.84499,11.19354,10.42672,11.05412,1677400,0
UOLL4,2007-08-30,10.95453,10.95453,10.55619,10.56614,500500,0
UOLL4,2007-08-31,10.82507,11.0342,10.66573,10.68565,682200,0
UOLL4,2007-09-03,10.85495,12.24916,10.84499,11.85081,833400,0
UOLL4,2007-09-04,11.9504,12.33879,11.65164,11.6616,556900,0
UOLL4,2007-09-05,11.55205,11.6616,11.1537,11.45247,620200,0
UOLL4,2007-09-06,11.79106,11.94044,11.40267,11.45247,411000,0
UOLL4,2007-09-10,11.2035,11.83089,11.1537,11.75123,270200,0
UOLL4,2007-09-11,11.85081,12.10974,11.75123,11.89065,288600,0
UOLL4,2007-09-12,11.84085,11.93048,11.47238,11.47238,114200,0
UOLL4,2007-09-13,11.6118,11.7811,11.46242,11.55205,54400,0
UOLL4,2007-09-14,11.69147,11.69147,11.30309,11.36284,228600,0
UOLL4,2007-09-17,11.40267,11.50226,11.17362,11.2035,67900,0
UOLL4,2007-09-18,11.38276,11.80102,11.33296,11.60185,245500,0
UOLL4,2007-09-19,11.6118,11.80102,11.50226,11.65164,303000,0
UOLL4,2007-09-20,11.60185,11.60185,11.35288,11.35288,209500,0
UOLL4,2007-09-21,11.48234,11.64168,11.30309,11.45247,96300,0
UOLL4,2007-09-24,11.63172,11.63172,11.1537,11.30309,483900,0
UOLL4,2007-09-25,11.2035,11.65164,11.07404,11.55205,305000,0
UOLL4,2007-09-26,11.69147,11.75123,11.38276,11.40267,335300,0
UOLL4,2007-09-27,11.45247,11.59189,11.35288,11.43255,185900,0
UOLL4,2007-09-28,11.33296,11.73131,11.1537,11.70143,256000,0
UOLL4,2007-10-01,11.64168,12.07986,11.64168,12.02011,397300,0
UOLL4,2007-10-02,12.02011,12.04999,11.71139,11.85081,205900,0
UOLL4,2007-10-03,11.85081,11.89065,11.58193,11.70143,133000,0
UOLL4,2007-10-04,11.82094,11.82094,11.52218,11.55205,277000,0
UOLL4,2007-10-05,11.65164,11.70143,11.50226,11.60185,512800,0
UOLL4,2007-10-08,11.55205,11.70143,11.53213,11.65164,169600,0
UOLL4,2007-10-09,11.65164,11.72135,11.45247,11.45247,298300,0
UOLL4,2007-10-10,11.45247,11.45247,11.27321,11.35288,42500,0
UOLL4,2007-10-11,11.45247,11.70143,11.40267,11.60185,232700,0
UOLL4,2007-10-15,11.74127,11.85081,11.51222,11.80102,268900,0
UOLL4,2007-10-16,11.70143,12.00019,11.65164,11.75123,449100,0
UOLL4,2007-10-17,11.85081,12.34874,11.76118,12.0699,705500,0
UOLL4,2007-10-18,12.14957,12.93631,12.04999,12.93631,789600,0
UOLL4,2007-10-19,13.04585,13.13548,12.45829,12.74709,774100,0
UOLL4,2007-10-22,12.528,13.26494,12.4085,13.14544,449800,0
UOLL4,2007-10-23,13.22511,13.74296,12.84668,12.99606,299300,0
UOLL4,2007-10-24,12.94627,13.53383,12.82676,13.45416,376000,0
UOLL4,2007-10-25,13.58362,13.83259,13.29482,13.43424,143500,0
UOLL4,2007-10-26,13.34461,13.83259,13.24503,13.35457,147100,0
UOLL4,2007-10-29,13.4442,13.82263,12.85664,13.43424,354300,0
UOLL4,2007-10-30,13.43424,13.68321,13.34461,13.4442,233500,0
UOLL4,2007-10-31,13.4442,14.13135,13.4442,13.96205,327500,0
UOLL4,2007-11-01,13.84254,13.93217,13.64337,13.64337,44000,0
UOLL4,2007-11-05,13.63341,14.1911,13.4442,14.1911,158200,0
UOLL4,2007-11-06,14.25085,14.72887,13.99193,14.53965,399400,0
UOLL4,2007-11-07,14.57949,14.63924,13.94213,14.1413,348400,0
UOLL4,2007-11-08,14.34048,14.53965,13.74296,13.94213,263700,0
UOLL4,2007-11-09,14.23093,14.23093,13.79275,13.80271,710600,0
UOLL4,2007-11-12,13.74296,13.74296,12.51804,12.94627,342600,0
UOLL4,2007-11-13,12.95622,13.14544,12.94627,12.94627,142300,0
UOLL4,2007-11-14,13.13548,13.74296,13.13548,13.64337,146800,0
UOLL4,2007-11-16,13.4442,13.55374,13.24503,13.52387,47900,0
UOLL4,2007-11-19,13.54379,13.64337,12.04999,12.04999,420500,0
UOLL4,2007-11-21,11.9504,12.04999,10.95453,10.95453,396000,0
UOLL4,2007-11-22,11.30309,11.60185,11.10391,11.60185,54300,0
UOLL4,2007-11-23,11.75123,12.04999,11.75123,11.9006,293400,0
UOLL4,2007-11-26,11.9006,11.9006,11.1537,11.1537,239900,0
UOLL4,2007-11-27,10.95453,11.89065,10.65577,11.77114,176600,0
UOLL4,2007-11-28,11.9006,12.72717,11.85081,12.34874,157400,0
UOLL4,2007-11-29,12.34874,12.34874,11.65164,11.96036,154200,0
UOLL4,2007-11-30,12.00019,12.74709,12.00019,12.54792,193000,0
UOLL4,2007-12-03,12.54792,12.54792,12.14957,12.54792,39800,0
UOLL4,2007-12-04,12.44833,12.44833,12.14957,12.14957,83000,0
UOLL4,2007-12-05,12.17945,12.6475,11.9504,11.9504,175700,0
UOLL4,2007-12-06,12.09978,12.24916,12.01015,12.19936,74700,0
UOLL4,2007-12-07,12.34874,12.58775,12.14957,12.16949,139700,0
UOLL4,2007-12-10,12.19936,12.6973,12.13961,12.6973,141100,0
UOLL4,2007-12-11,12.6973,12.79688,11.76118,11.9504,152500,0
UOLL4,2007-12-12,12.05994,12.34874,11.9504,11.9504,104100,0
UOLL4,2007-12-13,11.9504,11.9504,11.60185,11.80102,95800,0
UOLL4,2007-12-14,12.14957,12.14957,11.60185,11.67156,71300,0
UOLL4,2007-12-17,11.67156,11.80102,11.25329,11.33296,45000,0
UOLL4,2007-12-18,11.50226,11.75123,11.10391,11.2035,148100,0
UOLL4,2007-12-19,11.35288,11.70143,11.35288,11.64168,205800,0
UOLL4,2007-12-20,11.55205,11.97032,11.30309,11.65164,35100,0
UOLL4,2007-12-21,11.65164,11.85081,11.36284,11.45247,157200,0
UOLL4,2007-12-26,11.4923,12.04003,11.4923,11.9504,178400,0
UOLL4,2007-12-27,11.9504,12.14957,11.9504,12.04999,90800,0
UOLL4,2007-12-28,12.05994,12.39854,11.52218,11.9504,482500,0
UOLL4,2008-01-02,11.94044,12.14957,11.53213,11.54209,109600,0
UOLL4,2008-01-03,11.56201,11.94044,11.56201,11.79106,66200,0
UOLL4,2008-01-04,11.85081,11.85081,11.22342,11.34292,192300,0
UOLL4,2008-01-07,11.45247,11.55205,10.85495,10.95453,104700,0
UOLL4,2008-01-08,11.05412,11.80102,11.05412,11.1537,389700,0
UOLL4,2008-01-09,11.34292,11.63172,11.05412,11.2035,298000,0
UOLL4,2008-01-10,11.35288,11.35288,10.95453,11.12383,186600,0
UOLL4,2008-01-11,10.96449,11.2035,10.70556,10.95453,234000,0
UOLL4,2008-01-14,11.09395,11.1537,10.81511,11.05412,133500,0
UOLL4,2008-01-15,11.14375,11.1537,10.83503,10.95453,99700,0
UOLL4,2008-01-16,10.85495,10.90474,10.46656,10.70556,80900,0
UOLL4,2008-01-17,10.84499,10.85495,10.05825,10.05825,268700,0
UOLL4,2008-01-18,10.35701,10.4566,10.15784,10.25743,56800,0
UOLL4,2008-01-21,9.709699,9.759493,9.560319,9.659905,312400,0
UOLL4,2008-01-22,9.769451,10.15784,9.729616,9.809285,437800,0
UOLL4,2008-01-23,9.859079,9.859079,9.510526,9.560319,210200,0
UOLL4,2008-01-24,9.809285,10.15784,9.659905,9.869038,137300,0
UOLL4,2008-01-28,9.859079,9.888955,9.520484,9.759493,108200,0
UOLL4,2008-01-29,9.759493,10.15784,9.709699,9.709699,168800,0
UOLL4,2008-01-30,9.809285,9.809285,9.311352,9.311352,278100,0
UOLL4,2008-01-31,9.410937,9.410937,9.062386,9.161971,216900,0
UOLL4,2008-02-01,9.809285,9.958665,9.570276,9.709699,594100,0
UOLL4,2008-02-06,9.48065,9.560319,9.361145,9.361145,102300,0
UOLL4,2008-02-07,9.460732,9.460732,9.191847,9.261559,190000,0
UOLL4,2008-02-08,9.271518,9.62007,9.2516,9.351187,102000,0
UOLL4,2008-02-11,9.450773,9.659905,9.410937,9.659905,120100,0
UOLL4,2008-02-12,9.669865,9.938746,9.649946,9.809285,107300,0
UOLL4,2008-02-13,10.05825,10.05825,9.759493,9.809285,169500,0
UOLL4,2008-02-14,9.988542,9.988542,9.769451,9.799327,736800,0
UOLL4,2008-02-15,9.859079,9.859079,9.560319,9.659905,71500,0
UOLL4,2008-02-18,9.948707,10.14788,9.739574,9.759493,461200,0
UOLL4,2008-02-19,9.859079,9.859079,9.460732,9.659905,217800,0
UOLL4,2008-02-20,9.311352,9.600153,9.261559,9.32131,149900,0
UOLL4,2008-02-21,9.460732,9.659905,9.112179,9.132096,183700,0
UOLL4,2008-02-22,9.132096,9.639989,9.132096,9.510526,200900,0
UOLL4,2008-02-25,9.161971,9.460732,9.012593,9.072343,746500,0
UOLL4,2008-02-26,9.18189,9.201806,8.972757,8.972757,460900,0
UOLL4,2008-02-27,9.012593,9.132096,8.982717,9.042468,325300,0
UOLL4,2008-02-28,9.092261,9.092261,8.664039,8.813419,428700,0
UOLL4,2008-02-29,8.863212,8.863212,8.464866,8.464866,433200,0
UOLL4,2008-03-03,8.564453,8.664039,8.474824,8.564453,194600,0
UOLL4,2008-03-04,8.554494,8.693914,8.186023,8.265693,200300,0
UOLL4,2008-03-05,8.405113,8.514659,8.13623,8.255733,129100,0
UOLL4,2008-03-06,8.265693,8.345362,8.176064,8.20594,117500,0
UOLL4,2008-03-07,8.215899,8.315485,8.166105,8.215899,72400,0
UOLL4,2008-03-10,8.415071,8.415071,7.986851,7.986851,116700,0
UOLL4,2008-03-11,8.066519,8.265693,7.966932,8.076476,95200,0
UOLL4,2008-03-12,8.116312,8.604287,7.966932,8.096395,136700,0
UOLL4,2008-03-13,8.13623,8.13623,7.966932,8.066519,718700,0
UOLL4,2008-03-14,8.305527,8.345362,7.628337,7.767759,354500,0
UOLL4,2008-03-17,7.568585,7.727925,7.279785,7.419206,143500,0
UOLL4,2008-03-18,7.518792,7.568585,7.319619,7.449082,249400,0
UOLL4,2008-03-19,7.558627,7.658214,7.289743,7.508833,500700,0
UOLL4,2008-03-20,7.568585,7.767759,7.369412,7.618379,399400,0
UOLL4,2008-03-24,7.618379,8.056561,7.568585,7.956973,69900,0
UOLL4,2008-03-25,8.046602,8.166105,7.847428,7.966932,180000,0
UOLL4,2008-03-26,8.156146,8.156146,7.787676,7.787676,89500,0
UOLL4,2008-03-27,7.90718,7.90718,7.478958,7.558627,288800,0
UOLL4,2008-03-28,7.668172,7.668172,7.468999,7.468999,147200,0
UOLL4,2008-03-31,7.588503,7.618379,7.369412,7.528751,97200,0
UOLL4,2008-04-01,7.538709,7.60842,7.468999,7.468999,105000,0
UOLL4,2008-04-02,7.548668,7.548668,7.130404,7.269825,211900,0
UOLL4,2008-04-03,7.289743,7.299702,6.990983,7.269825,185200,0
UOLL4,2008-04-04,7.379371,7.518792,7.120446,7.180198,133400,0
UOLL4,2008-04-07,7.270045,7.270045,7.10051,7.130428,106000,0
UOLL4,2008-04-08,7.130428,7.629059,6.49218,7.47947,384900,0
UOLL4,2008-04-09,7.579196,7.629059,7.429607,7.47947,345800,0
UOLL4,2008-04-10,7.529334,7.81854,7.389717,7.429607,159200,0
UOLL4,2008-04-11,7.419634,7.47947,7.220181,7.389717,43400,0
UOLL4,2008-04-14,7.379744,7.379744,6.990812,7.130428,77100,0
UOLL4,2008-04-15,7.170319,7.329881,7.130428,7.329881,95400,0
UOLL4,2008-04-16,7.379744,7.379744,7.130428,7.130428,70500,0
UOLL4,2008-04-17,7.130428,7.379744,7.130428,7.359798,62400,0
UOLL4,2008-04-18,7.389717,7.678923,7.389717,7.399689,333700,0
UOLL4,2008-04-22,7.489443,7.629059,7.329881,7.379744,57800,0
UOLL4,2008-04-23,7.379744,7.47947,7.130428,7.180291,120600,0
UOLL4,2008-04-24,7.230155,7.230155,6.970866,7.180291,115800,0
UOLL4,2008-04-25,7.130428,7.419634,7.090538,7.230155,85200,0
UOLL4,2008-04-28,7.130428,7.379744,7.06062,7.230155,321700,0
UOLL4,2008-04-29,7.230155,7.230155,6.901058,6.970866,213000,0
UOLL4,2008-04-30,7.010757,7.280018,6.980839,7.180291,210900,0
UOLL4,2008-05-02,7.280018,7.678923,7.280018,7.47947,616700,0
UOLL4,2008-05-05,7.489443,8.177553,7.489443,7.958156,985800,0
UOLL4,2008-05-06,8.12769,8.456787,7.878376,7.968129,669800,0
UOLL4,2008-05-07,8.077828,8.277281,7.728786,7.878376,701300,0
UOLL4,2008-05-08,8.027965,8.177553,7.788622,7.938211,409500,0
UOLL4,2008-05-09,8.017992,8.666212,7.928238,8.576459,2061600,0
UOLL4,2008-05-12,8.745995,8.925501,8.576459,8.576459,983300,0
UOLL4,2008-05-13,8.676186,8.76594,8.327144,8.377007,310800,0
UOLL4,2008-05-14,8.386979,8.755966,8.386979,8.576459,572600,0
UOLL4,2008-05-15,8.646268,8.775912,8.556514,8.775912,457200,0
UOLL4,2008-05-16,8.785885,8.875638,8.526596,8.536569,1048500,0
UOLL4,2008-05-19,8.596404,8.706102,8.227418,8.46676,550400,0
UOLL4,2008-05-20,8.396952,8.406925,8.237391,8.377007,150400,0
UOLL4,2008-05-21,8.297225,8.396952,8.177553,8.277281,169400,0
UOLL4,2008-05-23,8.167581,8.676186,8.147636,8.676186,169200,0
UOLL4,2008-05-26,8.646268,8.65624,8.426869,8.556514,145800,0
UOLL4,2008-05-27,8.566486,8.596404,8.416897,8.46676,301600,0
UOLL4,2008-05-28,8.436842,8.576459,8.327144,8.526596,450500,0
UOLL4,2008-05-29,8.526596,9.22468,8.426869,9.174817,932900,0
UOLL4,2008-05-30,9.174817,9.623585,9.174817,9.274544,535800,0
UOLL4,2008-06-02,9.274544,9.274544,8.825775,9.274544,278600,0
UOLL4,2008-06-03,9.025228,9.274544,9.025228,9.07509,186700,0
UOLL4,2008-06-04,9.07509,9.124953,8.925501,8.925501,189100,0
UOLL4,2008-06-05,8.985336,9.174817,8.975364,8.975364,160100,0
UOLL4,2008-06-06,9.07509,9.22468,8.855693,9.07509,145900,0
UOLL4,2008-06-09,9.07509,9.22468,9.005281,9.124953,99000,0
UOLL4,2008-06-10,9.07509,9.124953,8.586432,8.586432,196100,0
UOLL4,2008-06-11,8.576459,8.676186,8.307198,8.327144,155200,0
UOLL4,2008-06-12,8.426869,8.576459,8.167581,8.327144,143900,0
UOLL4,2008-06-13,8.416897,8.416897,8.187527,8.377007,41900,0
UOLL4,2008-06-16,8.377007,8.626322,8.377007,8.526596,110300,0
UOLL4,2008-06-17,8.646268,8.745995,8.486706,8.526596,75000,0
UOLL4,2008-06-18,8.526596,8.626322,8.227418,8.277281,115800,0
UOLL4,2008-06-19,8.287253,8.46676,8.177553,8.357061,118500,0
UOLL4,2008-06-20,8.277281,8.46676,8.04791,8.04791,208500,0
UOLL4,2008-06-23,8.12769,8.177553,7.928238,8.027965,234700,0
UOLL4,2008-06-24,7.978102,8.227418,7.788622,8.227418,306500,0
UOLL4,2008-06-25,8.227418,8.476733,8.12769,8.476733,357400,0
UOLL4,2008-06-26,8.277281,8.416897,8.137664,8.377007,114700,0
UOLL4,2008-06-27,8.277281,8.476733,8.277281,8.476733,148800,0
UOLL4,2008-06-30,8.476733,8.576459,8.476733,8.476733,132400,0
UOLL4,2008-07-01,8.277281,8.416897,8.12769,8.416897,219300,0
UOLL4,2008-07-02,8.516623,8.516623,8.177553,8.177553,326500,0
UOLL4,2008-07-03,8.177553,8.386979,8.177553,8.277281,242800,0
UOLL4,2008-07-04,8.177553,8.426869,8.037937,8.317171,100700,0
UOLL4,2008-07-07,8.377007,8.516623,8.187527,8.516623,447000,0
UOLL4,2008-07-08,8.46676,8.586432,8.327144,8.46676,367900,0
UOLL4,2008-07-10,8.46676,8.875638,8.46676,8.716075,92800,0
UOLL4,2008-07-11,8.825775,8.835747,8.526596,8.626322,145800,0
UOLL4,2008-07-14,8.676186,8.676186,8.436842,8.576459,98600,0
UOLL4,2008-07-15,8.566486,8.755966,8.337115,8.755966,264200,0
UOLL4,2008-07-16,8.745995,8.975364,8.556514,8.975364,502500,0
UOLL4,2008-07-17,8.925501,8.925501,8.626322,8.775912,62000,0
UOLL4,2008-07-18,8.676186,8.775912,8.676186,8.676186,349100,0
UOLL4,2008-07-21,8.825775,8.875638,8.676186,8.696131,473400,0
UOLL4,2008-07-22,8.865665,8.875638,8.716075,8.815803,489500,0
UOLL4,2008-07-23,8.726048,8.855693,8.576459,8.775912,432100,0
UOLL4,2008-07-24,8.775912,8.775912,8.327144,8.566486,32800,0
UOLL4,2008-07-25,8.566486,8.566486,8.377007,8.476733,102800,0
UOLL4,2008-07-28,8.576459,8.626322,8.476733,8.626322,155700,0
UOLL4,2008-07-29,8.686158,8.905557,8.576459,8.726048,334900,0
UOLL4,2008-07-30,8.825775,8.825775,8.576459,8.576459,138100,0
UOLL4,2008-07-31,8.526596,8.576459,7.878376,8.576459,642200,0
UOLL4,2008-08-01,8.526596,8.566486,8.277281,8.46676,69000,0
UOLL4,2008-08-04,8.327144,8.327144,7.778649,7.878376,148500,0
UOLL4,2008-08-05,7.988074,8.077828,7.698868,7.828512,78900,0
UOLL4,2008-08-06,7.928238,7.958156,7.678923,7.688895,63400,0
UOLL4,2008-08-07,7.828512,7.828512,7.329881,7.329881,99000,0
UOLL4,2008-08-08,7.369771,7.369771,7.180291,7.230155,150200,0
UOLL4,2008-08-11,7.230155,7.280018,6.980839,7.080565,70100,0
UOLL4,2008-08-12,7.180291,7.200236,6.811304,6.811304,123500,0
UOLL4,2008-08-13,6.811304,7.329881,6.532071,7.329881,268000,0
UOLL4,2008-08-14,7.329881,7.409662,7.130428,7.329881,91500,0
UOLL4,2008-08-15,7.329881,7.47947,7.309936,7.359798,217800,0
UOLL4,2008-08-18,7.399689,7.47947,7.080565,7.180291,348100,0
UOLL4,2008-08-19,7.010757,7.160346,7.010757,7.160346,112100,0
UOLL4,2008-08-20,7.130428,7.180291,6.930975,7.050648,320300,0
UOLL4,2008-08-21,7.080565,7.230155,6.980839,7.080565,133600,0
UOLL4,2008-08-22,7.06062,7.06062,6.831249,6.831249,179300,0
UOLL4,2008-08-25,6.881113,6.881113,6.631797,6.631797,228300,0
UOLL4,2008-08-26,6.621824,6.980839,6.581934,6.87114,69800,0
UOLL4,2008-08-27,6.950921,6.970866,6.651742,6.781387,390700,0
UOLL4,2008-08-28,6.970866,7.170319,6.881113,6.881113,121800,0
UOLL4,2008-08-29,7.000784,7.000784,6.731523,6.731523,210600,0
UOLL4,2008-09-01,6.731523,6.930975,6.731523,6.930975,57800,0
UOLL4,2008-09-02,6.731523,7.080565,6.731523,6.881113,326800,0
UOLL4,2008-09-03,6.841222,6.91103,6.711578,6.711578,67700,0
UOLL4,2008-09-04,6.771413,6.771413,6.26281,6.432344,65000,0
UOLL4,2008-09-05,6.282755,6.621824,6.183029,6.621824,182500,0
UOLL4,2008-09-08,6.831249,6.891085,6.532071,6.891085,66500,0
UOLL4,2008-09-09,6.68166,6.801332,6.382482,6.581934,203400,0
UOLL4,2008-09-10,6.581934,6.731523,6.412399,6.502152,281000,0
UOLL4,2008-09-11,6.482207,6.641769,6.382482,6.641769,122400,0
UOLL4,2008-09-12,6.68166,6.68166,6.282755,6.422372,407300,0
UOLL4,2008-09-15,6.322646,6.322646,5.88385,6.133166,249000,0
UOLL4,2008-09-16,5.933713,6.193001,5.784124,6.193001,311500,0
UOLL4,2008-09-17,5.983576,6.332618,5.833986,6.332618,2176000,0
UOLL4,2008-09-18,6.332618,6.661715,6.183029,6.581934,1665000,0
UOLL4,2008-09-19,6.980839,7.130428,6.701605,6.980839,391000,0
UOLL4,2008-09-22,6.980839,6.990812,6.731523,6.980839,324200,0
UOLL4,2008-09-23,6.970866,6.980839,6.881113,6.881113,142800,0
UOLL4,2008-09-24,6.881113,6.970866,6.781387,6.851195,58700,0
UOLL4,2008-09-25,6.801332,7.230155,6.801332,7.230155,408100,0
UOLL4,2008-09-26,6.881113,7.280018,6.881113,7.280018,117300,0
UOLL4,2008-09-29,6.980839,7.070593,6.581934,7.070593,180700,0
UOLL4,2008-09-30,7.030702,7.47947,7.030702,7.280018,340100,0
UOLL4,2008-10-01,7.280018,7.280018,6.68166,6.831249,372900,0
UOLL4,2008-10-02,6.68166,6.68166,6.242865,6.482207,508400,0
UOLL4,2008-10-03,6.761441,6.761441,6.183029,6.482207,429500,0
UOLL4,2008-10-06,6.282755,6.282755,5.684397,6.103247,892200,0
UOLL4,2008-10-07,5.933713,6.07333,5.833986,5.983576,1475100,0
UOLL4,2008-10-08,5.873877,5.873877,5.185766,5.185766,2672700,0
UOLL4,2008-10-09,5.335355,5.425109,5.135903,5.185766,1086800,0
UOLL4,2008-10-10,5.08604,5.484945,4.437819,5.484945,604900,0
UOLL4,2008-10-13,5.684397,6.183029,5.684397,5.983576,507400,0
UOLL4,2008-10-14,6.183029,6.422372,6.083302,6.183029,327800,0
UOLL4,2008-10-15,6.07333,6.083302,5.784124,5.983576,338000,0
UOLL4,2008-10-16,6.083302,6.183029,5.784124,5.983576,573300,0
UOLL4,2008-10-17,5.973604,6.07333,5.833986,6.07333,380300,0
UOLL4,2008-10-20,6.083302,6.282755,6.083302,6.183029,322100,0
UOLL4,2008-10-21,6.183029,6.183029,5.833986,6.083302,744100,0
UOLL4,2008-10-22,5.933713,5.983576,5.684397,5.833986,673500,0
UOLL4,2008-10-23,5.684397,5.983576,5.634534,5.983576,565900,0
UOLL4,2008-10-24,5.734261,5.873877,5.534808,5.873877,256800,0
UOLL4,2008-10-27,5.684397,5.983576,5.584671,5.88385,294600,0
UOLL4,2008-10-28,5.983576,6.173056,5.734261,6.173056,476000,0
UOLL4,2008-10-29,6.173056,6.173056,5.973604,5.973604,128200,0
UOLL4,2008-10-30,5.993549,6.093275,5.983576,6.083302,217800,0
UOLL4,2008-10-31,5.983576,6.581934,5.983576,6.581934,337800,0
UOLL4,2008-11-03,6.392454,6.392454,6.173056,6.362536,243600,0
UOLL4,2008-11-04,6.432344,6.432344,6.212946,6.282755,707700,0
UOLL4,2008-11-05,6.272782,6.272782,5.983576,6.183029,139400,0
UOLL4,2008-11-06,6.083302,6.332618,5.784124,6.123193,167000,0
UOLL4,2008-11-07,6.093275,6.332618,6.093275,6.332618,200700,0
UOLL4,2008-11-10,6.183029,6.332618,5.903795,6.083302,125900,0
UOLL4,2008-11-11,5.983576,6.033439,5.714315,6.033439,175200,0
UOLL4,2008-11-12,5.88385,5.933713,5.734261,5.933713,67700,0
UOLL4,2008-11-13,5.88385,5.933713,5.684397,5.933713,202100,0
UOLL4,2008-11-14,5.833986,5.833986,5.684397,5.684397,215900,0
UOLL4,2008-11-17,5.634534,5.684397,5.534808,5.584671,555100,0
UOLL4,2008-11-18,5.484945,5.634534,5.484945,5.584671,643200,0
UOLL4,2008-11-19,5.584671,5.734261,5.484945,5.534808,802900,0
UOLL4,2008-11-21,5.445055,5.784124,5.435081,5.624561,160300,0
UOLL4,2008-11-24,5.784124,6.07333,5.784124,6.063357,213300,0
UOLL4,2008-11-25,6.232892,6.651742,6.133166,6.571961,278600,0
UOLL4,2008-11-26,6.462262,6.980839,6.382482,6.382482,317700,0
UOLL4,2008-11-27,6.382482,7.47947,6.382482,6.781387,784300,0
UOLL4,2008-11-28,6.881113,7.080565,6.881113,6.881113,197100,0
UOLL4,2008-12-01,6.68166,6.831249,6.631797,6.831249,247300,0
UOLL4,2008-12-02,6.781387,6.881113,6.731523,6.831249,174400,0
UOLL4,2008-12-03,6.781387,7.180291,6.781387,6.980839,488300,0
UOLL4,2008-12-04,6.881113,7.369771,6.881113,7.280018,201600,0
UOLL4,2008-12-05,7.220181,7.409662,7.080565,7.379744,146200,0
UOLL4,2008-12-08,7.419634,7.728786,7.280018,7.718813,99200,0
UOLL4,2008-12-09,7.678923,8.277281,7.359798,7.359798,83600,0
UOLL4,2008-12-10,7.359798,7.499415,7.28999,7.28999,101000,0
UOLL4,2008-12-11,7.339854,7.419634,7.140401,7.280018,67900,0
UOLL4,2008-12-12,7.080565,7.399689,6.901058,7.399689,120600,0
UOLL4,2008-12-15,7.379744,7.379744,6.980839,7.080565,107700,0
UOLL4,2008-12-16,7.170319,7.270045,7.080565,7.180291,49700,0
UOLL4,2008-12-17,7.180291,7.369771,7.140401,7.369771,149700,0
UOLL4,2008-12-18,7.369771,7.569224,7.190264,7.280018,2718100,0
UOLL4,2008-12-19,7.260073,7.569224,7.170319,7.28999,700200,0
UOLL4,2008-12-22,7.47947,7.47947,7.230155,7.270045,192100,0
UOLL4,2008-12-23,7.280018,7.369771,7.190264,7.329881,52200,0
UOLL4,2008-12-26,7.429607,7.718813,7.379744,7.688895,272900,0
UOLL4,2008-12-29,7.728786,7.828512,7.210209,7.47947,72000,0
UOLL4,2008-12-30,7.469497,7.629059,7.180291,7.280018,113300,0
UOLL4,2009-01-02,7.280018,7.329881,7.280018,7.280018,106800,0
UOLL4,2009-01-05,7.280018,7.280018,7.180291,7.230155,130600,0
UOLL4,2009-01-06,7.280018,7.47947,7.180291,7.240128,196500,0
UOLL4,2009-01-07,7.240128,7.619087,7.180291,7.619087,189900,0
UOLL4,2009-01-08,7.329881,7.329881,7.190264,7.280018,170400,0
UOLL4,2009-01-09,7.429607,7.619087,7.280018,7.529334,144100,0
UOLL4,2009-01-12,7.309936,7.379744,7.260073,7.280018,29000,0
UOLL4,2009-01-13,7.379744,7.429607,7.280018,7.329881,154700,0
UOLL4,2009-01-14,7.369771,7.47947,7.230155,7.329881,296200,0
UOLL4,2009-01-15,7.280018,7.419634,7.230155,7.280018,151200,0
UOLL4,2009-01-16,7.379744,7.379744,6.980839,6.980839,588300,0
UOLL4,2009-01-19,7.130428,7.130428,6.901058,6.901058,30500,0
UOLL4,2009-01-20,6.980839,7.270045,6.891085,6.980839,124200,0
UOLL4,2009-01-21,7.070593,7.070593,6.831249,6.881113,534500,0
UOLL4,2009-01-22,6.980839,7.170319,6.960894,7.020729,134500,0
UOLL4,2009-01-23,6.841222,6.841222,6.581934,6.581934,311900,0
UOLL4,2009-01-26,6.502152,6.781387,6.482207,6.631797,133100,0
UOLL4,2009-01-27,6.731523,6.731523,6.482207,6.581934,181200,0
UOLL4,2009-01-28,6.771413,7.230155,6.771413,6.881113,459900,0
UOLL4,2009-01-29,6.791359,7.030702,6.791359,7.030702,327100,0
UOLL4,2009-01-30,7.06062,7.66895,7.06062,7.539306,168200,0
UOLL4,2009-02-02,7.459525,7.459525,7.180291,7.180291,73300,0
UOLL4,2009-02-03,7.180291,7.399689,6.841222,6.841222,83900,0
UOLL4,2009-02-04,6.980839,7.180291,6.881113,6.881113,127500,0
UOLL4,2009-02-05,6.980839,7.080565,6.930975,6.980839,95600,0
UOLL4,2009-02-06,7.030702,7.230155,7.030702,7.180291,55000,0
UOLL4,2009-02-09,7.180291,7.230155,7.080565,7.180291,55000,0
UOLL4,2009-02-10,7.230155,7.230155,7.030702,7.030702,198900,0
UOLL4,2009-02-11,7.130428,7.130428,6.930975,6.980839,157300,0
UOLL4,2009-02-12,6.980839,7.180291,6.960894,7.130428,198400,0
UOLL4,2009-02-13,7.030702,7.329881,7.030702,7.270045,118600,0
UOLL4,2009-02-16,7.28999,7.309936,7.130428,7.309936,78900,0
UOLL4,2009-02-17,7.210209,7.459525,7.080565,7.459525,335100,0
UOLL4,2009-02-18,7.469497,7.469497,7.230155,7.429607,44700,0
UOLL4,2009-02-19,7.47947,7.928238,7.47947,7.47947,39200,0
UOLL4,2009-02-20,7.47947,7.47947,7.2501,7.389717,28000,0
UOLL4,2009-02-25,7.190264,7.280018,7.10051,7.240128,83400,0
UOLL4,2009-02-26,7.180291,7.47947,7.180291,7.180291,274900,0
UOLL4,2009-02-27,7.230155,7.579196,7.130428,7.2501,294000,0
UOLL4,2009-03-02,7.180291,7.778649,7.180291,7.329881,64700,0
UOLL4,2009-03-03,7.47947,7.47947,7.130428,7.379744,83300,0
UOLL4,2009-03-04,7.47947,7.529334,7.359798,7.379744,189600,0
UOLL4,2009-03-05,7.230155,7.230155,7.130428,7.230155,139200,0
UOLL4,2009-03-06,7.130428,7.280018,7.130428,7.230155,168400,0
UOLL4,2009-03-09,7.230155,7.230155,7.10051,7.230155,277000,0
UOLL4,2009-03-10,7.329881,7.399689,7.280018,7.399689,259600,0
UOLL4,2009-03-11,7.389717,7.389717,7.230155,7.230155,70300,0
UOLL4,2009-03-12,7.180291,7.319909,6.980839,6.980839,166400,0
UOLL4,2009-03-13,7.110483,7.110483,6.671688,6.671688,86100,0
UOLL4,2009-03-16,6.72155,6.781387,6.591907,6.711578,287500,0
UOLL4,2009-03-17,6.621824,6.621824,6.561988,6.581934,130200,0
UOLL4,2009-03-18,6.581934,6.621824,6.542043,6.581934,26500,0
UOLL4,2009-03-19,6.621824,6.731523,6.552016,6.731523,175300,0
UOLL4,2009-03-20,6.821277,6.821277,6.68166,6.761441,25500,0
UOLL4,2009-03-23,6.970866,6.970866,6.741496,6.741496,12600,0
UOLL4,2009-03-24,6.651742,6.68166,6.631797,6.68166,55600,0
UOLL4,2009-03-25,6.68166,6.68166,6.402427,6.402427,82900,0
UOLL4,2009-03-26,6.482207,6.68166,6.382482,6.68166,179100,0
UOLL4,2009-03-27,6.482207,6.68166,6.282755,6.68166,433000,0
UOLL4,2009-03-30,6.631797,6.68166,6.581934,6.68166,32700,0
UOLL4,2009-03-31,6.68166,6.68166,6.532071,6.651742,93300,0
UOLL4,2009-04-01,6.651742,6.651742,6.581934,6.601879,24100,0
UOLL4,2009-04-02,6.641769,6.761441,6.561988,6.581934,38800,0
UOLL4,2009-04-03,6.631797,6.631797,6.202974,6.202974,178300,0
UOLL4,2009-04-06,6.222919,6.3027,5.983576,5.983576,211800,0
UOLL4,2009-04-07,5.993549,6.033439,5.644507,5.744233,329200,0
UOLL4,2009-04-08,5.833986,5.92374,5.594644,5.88385,237500,0
UOLL4,2009-04-09,6.033439,6.133166,5.534808,6.133166,608500,0
UOLL4,2009-04-13,6.173056,6.571961,6.173056,6.322646,245400,0
UOLL4,2009-04-14,6.442317,6.522098,6.282755,6.392454,92600,0
UOLL4,2009-04-15,6.482207,6.68166,6.382482,6.641769,127800,0
UOLL4,2009-04-16,6.641769,6.741496,6.611852,6.68166,26700,0
UOLL4,2009-04-17,6.581934,6.661715,6.342591,6.482207,54800,0
UOLL4,2009-04-20,6.502152,6.502152,6.202974,6.332618,16600,0
UOLL4,2009-04-22,6.332618,6.581934,6.282755,6.581934,273700,0
UOLL4,2009-04-23,6.601879,6.661715,6.502152,6.581934,30100,0
UOLL4,2009-04-24,6.482207,6.631797,6.482207,6.532071,225900,0
UOLL4,2009-04-27,6.472235,6.482207,6.342591,6.432344,75600,0
UOLL4,2009-04-28,6.352756,6.39271,5.793394,6.292824,366200,0
UOLL4,2009-04-29,6.322789,6.67239,6.312801,6.592482,97700,0
UOLL4,2009-04-30,6.592482,6.692368,6.512573,6.662402,213000,0
UOLL4,2009-05-04,6.662402,6.992026,6.662402,6.82222,77100,0
UOLL4,2009-05-05,6.82222,6.89214,6.642425,6.742311,20000,0
UOLL4,2009-05-06,6.742311,7.141856,6.692368,6.862174,407600,0
UOLL4,2009-05-07,6.792254,7.141856,6.702357,6.832209,62400,0
UOLL4,2009-05-08,6.89214,6.942083,6.802243,6.89214,51800,0
UOLL4,2009-05-11,6.702357,6.792254,6.692368,6.742311,83200,0
UOLL4,2009-05-12,6.832209,6.832209,6.622448,6.642425,25300,0
UOLL4,2009-05-13,6.622448,6.622448,6.442653,6.492596,69200,0
UOLL4,2009-05-14,6.492596,6.492596,6.212914,6.39271,288600,0
UOLL4,2009-05-15,6.582493,6.842197,6.542539,6.742311,448800,0
UOLL4,2009-05-18,6.842197,7.091912,6.832209,6.89214,210300,0
UOLL4,2009-05-19,6.942083,7.391571,6.872163,7.081924,473400,0
UOLL4,2009-05-20,7.191798,7.381582,7.041969,7.121878,95900,0
UOLL4,2009-05-21,7.091912,7.131866,6.942083,6.992026,25300,0
UOLL4,2009-05-22,7.081924,7.141856,6.942083,7.041969,31900,0
UOLL4,2009-05-25,7.161833,7.18181,7.002015,7.061947,189700,0
UOLL4,2009-05-26,7.141856,7.141856,6.992026,7.071935,35600,0
UOLL4,2009-05-27,7.071935,7.421536,7.041969,7.131866,271400,0
UOLL4,2009-05-28,7.291685,7.301673,7.131866,7.261719,74800,0
UOLL4,2009-05-29,7.171821,7.241742,7.091912,7.241742,85700,0
UOLL4,2009-06-01,7.391571,7.481468,7.291685,7.451502,228000,0
UOLL4,2009-06-02,7.481468,7.621309,7.421536,7.491457,444600,0
UOLL4,2009-06-03,7.5414,7.5414,7.271708,7.321651,91200,0
UOLL4,2009-06-04,7.391571,7.431525,7.261719,7.421536,87400,0
UOLL4,2009-06-05,7.421536,7.491457,7.321651,7.431525,35500,0
UOLL4,2009-06-08,7.431525,7.431525,7.261719,7.391571,26600,0
UOLL4,2009-06-09,7.481468,7.481468,7.151844,7.151844,60500,0
UOLL4,2009-06-10,7.291685,7.291685,7.091912,7.171821,73500,0
UOLL4,2009-06-12,7.191798,7.191798,7.091912,7.18181,59200,0
UOLL4,2009-06-15,7.191798,7.191798,6.992026,7.081924,84100,0
UOLL4,2009-06-16,7.091912,7.191798,6.942083,6.992026,19400,0
UOLL4,2009-06-17,6.89214,7.281696,6.89214,7.241742,81800,0
UOLL4,2009-06-18,7.241742,7.281696,7.141856,7.211775,20500,0
UOLL4,2009-06-19,7.271708,7.341628,7.241742,7.241742,116600,0
UOLL4,2009-06-22,7.241742,7.241742,6.992026,7.121878,115000,0
UOLL4,2009-06-23,7.141856,7.391571,7.002015,7.331639,239800,0
UOLL4,2009-06-24,7.341628,7.401559,7.191798,7.291685,13100,0
UOLL4,2009-06-25,7.291685,7.341628,7.241742,7.281696,19700,0
UOLL4,2009-06-26,7.241742,7.241742,7.161833,7.241742,29100,0
UOLL4,2009-06-29,7.151844,7.361605,7.141856,7.241742,312700,0
UOLL4,2009-06-30,7.241742,7.271708,7.091912,7.241742,84400,0
UOLL4,2009-07-01,7.151844,7.291685,7.151844,7.171821,40000,0
UOLL4,2009-07-02,7.151844,7.191798,7.061947,7.061947,24300,0
UOLL4,2009-07-03,7.091912,7.141856,7.041969,7.141856,6200,0
UOLL4,2009-07-06,6.982038,7.131866,6.89214,7.061947,82900,0
UOLL4,2009-07-07,7.002015,7.091912,6.922106,6.942083,51200,0
UOLL4,2009-07-08,7.081924,7.081924,6.912117,6.992026,34500,0
UOLL4,2009-07-10,7.081924,7.081924,6.96206,6.992026,94400,0
UOLL4,2009-07-13,7.031981,7.031981,6.802243,6.982038,34100,0
UOLL4,2009-07-14,7.012003,7.012003,6.942083,6.992026,14300,0
UOLL4,2009-07-15,6.992026,7.191798,6.942083,7.141856,158600,0
UOLL4,2009-07-16,7.171821,7.291685,7.041969,7.241742,47400,0
UOLL4,2009-07-17,7.191798,7.191798,6.972049,7.041969,46600,0
UOLL4,2009-07-20,7.041969,7.18181,6.972049,7.171821,353700,0
UOLL4,2009-07-21,7.171821,7.211775,7.121878,7.131866,199200,0
UOLL4,2009-07-22,7.091912,7.341628,7.091912,7.241742,124700,0
UOLL4,2009-07-23,7.281696,7.471479,7.241742,7.291685,133900,0
UOLL4,2009-07-24,7.281696,7.431525,7.281696,7.371593,273100,0
UOLL4,2009-07-27,7.431525,7.451502,7.291685,7.441514,130100,0
UOLL4,2009-07-28,7.441514,7.601332,7.391571,7.581354,156600,0
UOLL4,2009-07-29,7.561377,7.781126,7.411548,7.691229,817100,0
UOLL4,2009-07-30,7.781126,8.090774,7.731183,7.861035,177600,0
UOLL4,2009-07-31,7.741172,7.97091,7.741172,7.97091,62800,0
UOLL4,2009-08-03,7.841058,8.440374,7.711206,8.3305,171800,0
UOLL4,2009-08-04,8.210637,8.779987,8.170683,8.290545,105900,0
UOLL4,2009-08-05,8.3305,8.440374,8.19066,8.440374,107400,0
UOLL4,2009-08-06,8.390431,8.490317,8.040831,8.290545,70500,0
UOLL4,2009-08-07,8.290545,8.440374,8.19066,8.440374,34300,0
UOLL4,2009-08-10,8.430386,8.540261,8.340488,8.490317,104500,0
UOLL4,2009-08-11,8.440374,8.440374,8.26058,8.440374,118600,0
UOLL4,2009-08-12,8.340488,8.410409,8.340488,8.390431,81500,0
UOLL4,2009-08-13,8.390431,8.490317,8.360466,8.390431,316200,0
UOLL4,2009-08-14,8.370455,8.370455,7.801104,7.811092,316000,0
UOLL4,2009-08-17,7.601332,7.811092,7.5414,7.691229,61000,0
UOLL4,2009-08-18,7.791115,7.831069,7.661263,7.791115,100600,0
UOLL4,2009-08-19,7.691229,7.881012,7.621309,7.841058,332900,0
UOLL4,2009-08-20,7.841058,7.990887,7.751161,7.940944,37600,0
UOLL4,2009-08-21,7.990887,7.990887,7.791115,7.90099,57700,0
UOLL4,2009-08-24,7.980898,8.040831,7.821081,7.910978,44000,0
UOLL4,2009-08-25,7.891001,7.930955,7.641286,7.781126,231500,0
UOLL4,2009-08-26,7.831069,7.891001,7.781126,7.791115,52900,0
UOLL4,2009-08-27,7.791115,7.811092,7.741172,7.761149,32700,0
UOLL4,2009-08-28,7.881012,7.881012,7.741172,7.791115,27200,0
UOLL4,2009-08-31,7.741172,7.841058,7.721195,7.841058,43500,0
UOLL4,2009-09-01,7.811092,7.811092,7.721195,7.771138,34800,0
UOLL4,2009-09-02,7.781126,7.940944,7.651274,7.691229,123100,0
UOLL4,2009-09-03,7.791115,7.891001,7.661263,7.691229,50100,0
UOLL4,2009-09-04,7.741172,7.791115,7.691229,7.791115,75900,0
UOLL4,2009-09-08,7.791115,7.940944,7.741172,7.891001,56800,0
UOLL4,2009-09-09,7.990887,8.19066,7.781126,7.891001,206800,0
UOLL4,2009-09-10,7.930955,7.930955,7.791115,7.841058,47200,0
UOLL4,2009-09-11,7.980898,7.980898,7.801104,7.841058,44600,0
UOLL4,2009-09-14,7.841058,7.881012,7.791115,7.871024,67900,0
UOLL4,2009-09-15,7.980898,8.040831,7.891001,7.960921,229500,0
UOLL4,2009-09-16,7.940944,8.240602,7.940944,8.180671,264200,0
UOLL4,2009-09-17,8.130728,8.440374,8.130728,8.300534,112600,0
UOLL4,2009-09-18,8.380444,8.460352,8.290545,8.430386,135200,0
UOLL4,2009-09-21,8.250591,8.430386,8.250591,8.420398,196800,0
UOLL4,2009-09-22,8.40042,8.430386,8.340488,8.340488,106700,0
UOLL4,2009-09-23,8.290545,8.390431,8.240602,8.3305,114000,0
UOLL4,2009-09-24,8.390431,8.420398,8.100761,8.210637,41600,0
UOLL4,2009-09-25,8.230614,8.290545,8.19066,8.19066,18400,0
UOLL4,2009-09-28,8.140716,8.340488,8.100761,8.100761,37400,0
UOLL4,2009-09-29,8.180671,8.180671,7.90099,8.020853,133900,0
UOLL4,2009-09-30,8.000876,8.430386,7.980898,8.390431,236500,0
UOLL4,2009-10-01,8.440374,8.710068,7.891001,8.180671,240200,0
UOLL4,2009-10-02,8.19066,8.290545,8.11075,8.140716,17100,0
UOLL4,2009-10-05,8.180671,8.290545,8.180671,8.210637,95700,0
UOLL4,2009-10-06,8.390431,8.580215,8.26058,8.530272,375700,0
UOLL4,2009-10-07,8.500306,8.789976,8.240602,8.590204,162800,0
UOLL4,2009-10-08,8.789976,8.869884,8.62017,8.82993,118000,0
UOLL4,2009-10-09,9.029702,9.788837,8.989748,9.299396,307200,0
UOLL4,2009-10-13,9.289407,9.828792,9.259441,9.828792,309900,0
UOLL4,2009-10-14,10.03855,10.37817,9.938665,10.18838,245100,0
UOLL4,2009-10-15,10.13844,10.38815,9.888722,10.13844,179600,0
UOLL4,2009-10-16,9.748882,10.62788,9.748882,10.52799,457700,0
UOLL4,2009-10-19,10.53798,11.08736,10.48804,10.97748,236800,0
UOLL4,2009-10-20,10.48804,10.7877,10.28827,10.68781,88400,0
UOLL4,2009-10-21,10.7877,11.08736,10.48804,10.86761,138400,0
UOLL4,2009-10-22,10.98747,11.28713,10.64786,11.03741,198600,0
UOLL4,2009-10-23,11.1373,11.1373,10.51801,10.88758,141400,0
UOLL4,2009-10-26,10.79769,11.28713,10.49803,11.27714,118600,0
UOLL4,2009-10-27,11.26715,11.4869,10.70779,10.7877,86100,0
UOLL4,2009-10-28,10.73775,10.73775,9.798826,10.32822,249900,0
UOLL4,2009-10-29,10.35819,10.81766,10.24831,10.77771,197000,0
UOLL4,2009-10-30,10.92754,10.92754,10.17839,10.71778,276300,0
UOLL4,2009-11-03,10.56795,10.56795,10.18838,10.20836,112400,0
UOLL4,2009-11-04,10.54797,10.54797,10.04854,10.13844,170800,0
UOLL4,2009-11-05,10.01857,10.38815,10.00859,10.35819,32900,0
UOLL4,2009-11-06,10.4381,10.44808,10.21835,10.27828,74500,0
UOLL4,2009-11-09,10.17839,10.39814,10.17839,10.20836,56900,0
UOLL4,2009-11-10,10.11846,10.23832,9.878735,10.23832,60500,0
UOLL4,2009-11-11,10.36818,10.63787,9.788837,9.948654,173900,0
UOLL4,2009-11-12,9.938665,10.23832,9.389292,9.728905,55400,0
UOLL4,2009-11-13,9.738894,9.888722,9.589065,9.668974,60700,0
UOLL4,2009-11-16,9.968632,9.968632,9.858757,9.858757,104900,0
UOLL4,2009-11-17,9.888722,9.928677,9.589065,9.928677,16000,0
UOLL4,2009-11-18,9.818803,9.83878,9.698939,9.778848,8900,0
UOLL4,2009-11-19,9.788837,9.788837,9.469201,9.489179,47500,0
UOLL4,2009-11-23,9.589065,9.738894,9.389292,9.389292,132600,0
UOLL4,2009-11-24,9.319372,9.589065,9.319372,9.419258,73600,0
UOLL4,2009-11-25,9.489179,9.489179,9.319372,9.359326,110400,0
UOLL4,2009-11-26,9.319372,9.319372,9.289407,9.309383,1000,0
UOLL4,2009-11-27,9.259441,9.389292,9.229474,9.389292,16000,0
UOLL4,2009-11-30,9.389292,9.389292,9.289407,9.379304,47300,0
UOLL4,2009-12-01,9.47919,9.489179,9.139577,9.139577,55200,0
UOLL4,2009-12-02,9.159554,9.359326,9.139577,9.139577,61200,0
UOLL4,2009-12-03,9.33935,9.33935,9.04968,9.179531,19800,0
UOLL4,2009-12-04,9.259441,9.269429,9.089635,9.229474,35300,0
UOLL4,2009-12-07,9.219485,9.389292,9.139577,9.289407,31700,0
UOLL4,2009-12-08,9.309383,9.389292,9.219485,9.319372,60700,0
UOLL4,2009-12-09,9.33935,9.589065,9.079646,9.079646,94700,0
UOLL4,2009-12-10,9.33935,9.33935,8.96977,9.059668,34400,0
UOLL4,2009-12-11,9.089635,9.389292,9.089635,9.389292,163400,0
UOLL4,2009-12-14,9.389292,9.589065,9.33935,9.389292,67000,0
UOLL4,2009-12-15,9.379304,9.389292,9.18952,9.33935,77800,0
UOLL4,2009-12-16,9.379304,9.389292,9.289407,9.33935,53300,0
UOLL4,2009-12-17,9.379304,9.389292,9.059668,9.239463,32500,0
UOLL4,2009-12-18,9.239463,9.389292,9.18952,9.389292,135400,0
UOLL4,2009-12-21,9.389292,9.489179,9.289407,9.289407,272800,0
UOLL4,2009-12-22,9.389292,9.389292,9.199509,9.33935,29400,0
UOLL4,2009-12-23,9.299396,9.389292,9.289407,9.349338,10500,0
UOLL4,2009-12-28,9.369315,9.439236,9.18952,9.369315,54100,0
UOLL4,2009-12-29,9.369315,9.389292,9.289407,9.379304,235500,0
UOLL4,2009-12-30,9.379304,9.439236,9.299396,9.389292,751300,0
UOLL4,2010-01-04,9.439236,9.639008,9.199509,9.299396,232200,0
UOLL4,2010-01-05,9.389292,9.389292,9.219485,9.349338,59000,0
UOLL4,2010-01-06,9.349338,9.369315,9.239463,9.329361,64200,0
UOLL4,2010-01-07,9.389292,9.389292,9.289407,9.329361,107500,0
UOLL4,2010-01-08,9.489179,10.28827,9.379304,10.24831,757900,0
UOLL4,2010-01-11,10.33821,10.33821,9.878735,10.03855,275600,0
UOLL4,2010-01-12,9.928677,9.938665,9.788837,9.928677,61400,0
UOLL4,2010-01-13,9.778848,10.13844,9.778848,9.83878,24600,0
UOLL4,2010-01-14,9.83878,10.02856,9.758871,9.858757,29200,0
UOLL4,2010-01-15,9.658985,9.988609,9.449224,9.828792,77000,0
UOLL4,2010-01-18,9.878735,10.07851,9.698939,9.778848,54600,0
UOLL4,2010-01-19,9.928677,9.928677,9.698939,9.738894,48000,0
UOLL4,2010-01-20,9.728905,9.738894,9.489179,9.489179,113400,0
UOLL4,2010-01-21,9.439236,9.639008,8.989748,9.279418,74400,0
UOLL4,2010-01-22,9.18952,9.299396,9.039691,9.159554,27100,0
UOLL4,2010-01-26,9.159554,9.18952,8.799965,9.039691,123200,0
UOLL4,2010-01-27,8.989748,9.159554,8.869884,9.04968,38300,0
UOLL4,2010-01-28,9.099623,9.099623,8.789976,8.989748,76900,0
UOLL4,2010-01-29,9.1196,9.18952,8.999737,9.18952,40900,0
UOLL4,2010-02-01,8.989748,9.159554,8.989748,9.159554,11400,0
UOLL4,2010-02-02,9.18952,9.239463,8.999737,9.229474,31500,0
UOLL4,2010-02-03,9.249453,9.249453,9.04968,9.089635,41600,0
UOLL4,2010-02-04,8.999737,9.18952,8.789976,8.939805,23100,0
UOLL4,2010-02-05,8.760011,8.869884,8.40042,8.600192,79100,0
UOLL4,2010-02-08,8.859896,8.869884,8.690089,8.779987,19500,0
UOLL4,2010-02-09,8.779987,8.989748,8.730044,8.879873,48200,0
UOLL4,2010-02-10,9.019713,9.019713,8.690089,8.889862,12600,0
UOLL4,2010-02-11,8.889862,9.139577,8.82993,9.139577,30100,0
UOLL4,2010-02-12,9.18952,9.18952,8.929816,9.109612,31900,0
UOLL4,2010-02-17,9.229474,9.239463,8.999737,9.199509,12400,0
UOLL4,2010-02-18,9.199509,9.489179,9.18952,9.439236,103300,0
UOLL4,2010-02-19,9.289407,9.728905,9.289407,9.489179,86800,0
UOLL4,2010-02-22,9.489179,9.62902,9.209497,9.489179,38400,0
UOLL4,2010-02-23,9.33935,9.529133,9.329361,9.489179,16600,0
UOLL4,2010-02-24,9.47919,9.47919,9.249453,9.33935,46600,0
UOLL4,2010-02-25,9.359326,9.788837,9.139577,9.788837,67800,0
UOLL4,2010-02-26,9.868746,9.928677,9.509156,9.928677,61400,0
UOLL4,2010-03-01,9.888722,9.888722,9.698939,9.698939,11900,0
UOLL4,2010-03-02,9.698939,9.868746,9.589065,9.589065,16400,0
UOLL4,2010-03-03,9.519144,9.718916,9.389292,9.688951,13300,0
UOLL4,2010-03-04,9.688951,9.688951,9.289407,9.519144,28300,0
UOLL4,2010-03-05,9.489179,9.599052,9.149566,9.579076,22700,0
UOLL4,2010-03-08,9.639008,9.708928,9.449224,9.539122,8800,0
UOLL4,2010-03-09,9.389292,9.688951,9.389292,9.688951,10800,0
UOLL4,2010-03-10,9.698939,9.818803,9.559098,9.818803,23400,0
UOLL4,2010-03-11,9.778848,9.778848,9.439236,9.589065,8000,0
UOLL4,2010-03-12,9.828792,9.83878,9.429247,9.728905,51200,0
UOLL4,2010-03-15,9.678962,9.728905,9.489179,9.728905,31500,0
UOLL4,2010-03-16,9.419258,9.758871,9.419258,9.62902,352800,0
UOLL4,2010-03-17,9.728905,9.738894,9.589065,9.639008,9800,0
UOLL4,2010-03-18,9.589065,9.748882,9.529133,9.619031,8800,0
UOLL4,2010-03-19,9.539122,9.589065,9.409269,9.54911,15400,0
UOLL4,2010-03-22,9.559098,9.579076,9.349338,9.529133,12800,0
UOLL4,2010-03-23,9.539122,9.539122,9.409269,9.489179,8900,0
UOLL4,2010-03-24,9.529133,9.529133,9.449224,9.489179,1600,0
UOLL4,2010-03-25,9.569087,9.569087,9.419258,9.569087,17700,0
UOLL4,2010-03-26,9.688951,10.03855,9.589065,9.988609,346000,0
UOLL4,2010-03-29,9.988609,10.12845,9.918689,10.03855,34000,0
UOLL4,2010-03-30,10.03855,10.06852,9.938665,9.988609,17200,0
UOLL4,2010-03-31,10.00859,10.38815,9.848768,10.38815,92800,0
UOLL4,2010-04-01,10.33821,10.48804,10.04854,10.0885,23600,0
UOLL4,2010-04-05,10.32822,10.32822,10.05853,10.07851,23300,0
UOLL4,2010-04-06,10.32822,10.35819,9.988609,9.988609,10500,0
UOLL4,2010-04-07,10.26829,10.26829,9.698939,9.988609,48700,0
UOLL4,2010-04-08,10.06852,10.06852,9.738894,9.968632,92500,0
UOLL4,2010-04-09,10.01857,10.0885,9.788837,10.0885,46300,0
UOLL4,2010-04-12,9.968632,10.09848,9.818803,10.07851,8200,0
UOLL4,2010-04-13,9.888722,10.06852,9.758871,10.06852,34400,0
UOLL4,2010-04-14,10.0885,10.32822,9.958643,10.06852,764200,0
UOLL4,2010-04-15,10.35819,10.35819,9.938665,10.22834,27300,0
UOLL4,2010-04-16,10.28827,10.37817,10.0885,10.23832,3100,0
UOLL4,2010-04-19,10.28827,10.28827,9.938665,10.18838,41100,0
UOLL4,2010-04-20,10.21835,10.21835,9.878735,9.878735,36500,0
UOLL4,2010-04-22,9.878735,9.988609,9.878735,9.898711,22100,0
UOLL4,2010-04-23,10.11846,10.11846,9.978621,9.978621,10200,0
UOLL4,2010-04-26,10.05853,10.05853,9.83878,9.83878,14100,0
UOLL4,2010-04-27,9.83878,9.83878,9.499167,9.499167,14500,0
UOLL4,2010-04-28,9.85,9.85,9.25,9.5,6600,0
UOLL4,2010-04-29,9.43,10.01,9.25,10.01,38800,0
UOLL4,2010-04-30,9.98,10,9.7,9.98,59700,0
UOLL4,2010-05-03,9.95,9.95,9.66,9.92,14200,0
UOLL4,2010-05-04,9.63,9.72,9.44,9.55,40000,0
UOLL4,2010-05-05,9.33,9.76,9.32,9.76,23000,0
UOLL4,2010-05-06,9.88,9.88,9.2,9.58,12500,0
UOLL4,2010-05-07,9.74,9.74,9.32,9.6,21200,0
UOLL4,2010-05-10,9.71,9.77,9.54,9.57,13500,0
UOLL4,2010-05-11,9.71,9.71,9.5,9.6,24200,0
UOLL4,2010-05-12,9.5,9.95,9.45,9.8,21200,0
UOLL4,2010-05-13,9.74,10.1,9.62,10.1,45600,0
UOLL4,2010-05-14,9.81,9.95,9.49,9.77,46800,0
UOLL4,2010-05-17,9.58,9.65,9.4,9.46,47900,0
UOLL4,2010-05-18,9.4,9.53,9.4,9.45,12800,0
UOLL4,2010-05-19,9.27,9.32,9.05,9.32,29100,0
UOLL4,2010-05-20,9.1,9.1,8.9,9.1,33000,0
UOLL4,2010-05-21,9.4,9.5,9.34,9.35,9500,0
UOLL4,2010-05-24,9.11,9.35,9.06,9.34,17000,0
UOLL4,2010-05-25,9.2,9.33,9.18,9.33,13200,0
UOLL4,2010-05-26,9.45,9.45,8.55,8.55,59800,0
UOLL4,2010-05-27,8.96,9.07,8.79,8.99,62200,0
UOLL4,2010-05-28,8.99,9.15,8.99,9.15,13200,0
UOLL4,2010-05-31,9.2,9.3,9,9.29,34900,0
UOLL4,2010-06-01,9.3,9.3,8.9,8.9,14700,0
UOLL4,2010-06-02,8.98,9.15,8.82,8.82,27700,0
UOLL4,2010-06-04,8.84,8.95,8.76,8.95,8300,0
UOLL4,2010-06-07,8.85,8.89,8.77,8.77,8100,0
UOLL4,2010-06-08,8.76,9,8.72,8.72,18600,0
UOLL4,2010-06-09,8.81,8.9,8.8,8.8,3000,0
UOLL4,2010-06-10,8.95,9.25,8.95,9.1,7100,0
UOLL4,2010-06-11,9.25,9.25,9.2,9.2,2900,0
UOLL4,2010-06-14,9.01,9.17,9,9.17,15300,0
UOLL4,2010-06-15,9.19,9.19,9.02,9.18,7000,0
UOLL4,2010-06-16,9.23,9.23,9.08,9.21,20000,0
UOLL4,2010-06-17,9.24,9.24,9.06,9.2,7900,0
UOLL4,2010-06-18,9.22,9.22,9.08,9.2,8900,0
UOLL4,2010-06-21,9.26,9.26,8.9,8.95,52000,0
UOLL4,2010-06-22,8.86,9,8.77,8.96,31800,0
UOLL4,2010-06-23,8.92,9,8.79,8.9,35600,0
UOLL4,2010-06-24,8.97,8.97,8.69,8.8,30600,0
UOLL4,2010-06-25,8.8,8.9,8.72,8.84,20100,0
UOLL4,2010-06-28,8.84,8.87,8.7,8.85,26600,0
UOLL4,2010-06-29,8.75,8.75,8.62,8.72,13500,0
UOLL4,2010-06-30,8.7,9.2,8.7,9.19,88600,0
UOLL4,2010-07-01,8.93,9.07,8.85,9.05,23400,0
UOLL4,2010-07-02,8.81,9.1,8.81,9.1,5800,0
UOLL4,2010-07-05,9,9.1,9,9.08,9100,0
UOLL4,2010-07-06,9.25,9.25,8.87,8.89,68100,0
UOLL4,2010-07-07,9.09,9.09,8.89,8.95,19300,0
UOLL4,2010-07-08,8.87,9.09,8.87,9.04,9700,0
UOLL4,2010-07-12,9.16,9.16,8.93,8.93,10000,0
UOLL4,2010-07-13,9.09,9.09,8.74,8.76,70100,0
UOLL4,2010-07-14,8.85,8.98,8.84,8.98,10100,0
UOLL4,2010-07-15,8.95,9,8.81,8.81,8300,0
UOLL4,2010-07-16,8.9,8.9,8.74,8.89,106300,0
UOLL4,2010-07-19,8.75,8.85,8.75,8.76,270700,0
UOLL4,2010-07-20,8.8,8.8,8.72,8.72,147000,0
UOLL4,2010-07-21,8.72,8.88,8.68,8.74,43100,0
UOLL4,2010-07-22,8.75,8.83,8.72,8.72,14700,0
UOLL4,2010-07-23,8.85,8.88,8.69,8.8,86900,0
UOLL4,2010-07-26,8.83,9,8.83,8.88,32900,0
UOLL4,2010-07-27,8.87,8.98,8.8,8.9,32600,0
UOLL4,2010-07-28,8.9,8.98,8.79,8.97,12700,0
UOLL4,2010-07-29,8.9,8.98,8.89,8.96,27100,0
UOLL4,2010-07-30,9.04,9.14,8.82,9.14,101100,0
UOLL4,2010-08-02,9.06,9.62,9.05,9.55,177100,0
UOLL4,2010-08-03,9.52,9.62,9.5,9.6,31700,0
UOLL4,2010-08-04,9.6,9.79,9.47,9.51,20400,0
UOLL4,2010-08-05,9.7,9.9,9.66,9.73,22400,0
UOLL4,2010-08-06,9.94,9.98,9.69,9.69,15400,0
UOLL4,2010-08-09,9.7,9.7,9.53,9.66,17100,0
UOLL4,2010-08-10,9.51,9.64,9.47,9.47,12900,0
UOLL4,2010-08-11,9.47,9.57,9.2,9.36,15600,0
UOLL4,2010-08-12,9.36,9.5,9.18,9.47,18400,0
UOLL4,2010-08-13,9.4,9.75,9.31,9.31,370400,0
UOLL4,2010-08-16,9.7,9.7,9.2,9.44,28600,0
UOLL4,2010-08-17,9.5,9.72,9.38,9.55,51000,0
UOLL4,2010-08-18,9.6,9.95,9.6,9.9,60300,0
UOLL4,2010-08-19,9.71,9.92,9.65,9.9,43800,0
UOLL4,2010-08-20,9.76,9.9,9.74,9.9,39600,0
UOLL4,2010-08-23,9.78,9.91,9.75,9.78,26200,0
UOLL4,2010-08-24,9.65,9.65,9.5,9.55,45600,0
UOLL4,2010-08-25,9.55,9.83,9.45,9.6,77800,0
UOLL4,2010-08-26,9.69,9.87,9.5,9.5,19800,0
UOLL4,2010-08-27,9.75,9.88,9.7,9.83,12200,0
UOLL4,2010-08-30,9.59,9.83,9.59,9.7,5700,0
UOLL4,2010-08-31,9.85,9.85,9.48,9.69,37700,0
UOLL4,2010-09-01,9.52,9.78,9.52,9.78,3900,0
UOLL4,2010-09-02,9.53,9.74,9.53,9.74,4400,0
UOLL4,2010-09-03,9.74,9.74,9.56,9.7,7300,0
UOLL4,2010-09-06,9.71,9.84,9.71,9.84,300,0
UOLL4,2010-09-08,9.66,9.74,9.6,9.7,30300,0
UOLL4,2010-09-09,9.6,9.7,9.55,9.69,8400,0
UOLL4,2010-09-10,9.68,9.85,9.41,9.41,36000,0
UOLL4,2010-09-13,9.6,9.78,9.58,9.58,13000,0
UOLL4,2010-09-14,9.62,9.63,9.31,9.31,10400,0
UOLL4,2010-09-15,9.31,9.57,9.31,9.57,1900,0
UOLL4,2010-09-16,9.6,9.61,9.35,9.53,3700,0
UOLL4,2010-09-17,9.6,9.6,9.5,9.5,1900,0
UOLL4,2010-09-20,9.53,9.55,9.43,9.43,6100,0
UOLL4,2010-09-21,9.53,9.53,9.34,9.53,8800,0
UOLL4,2010-09-22,9.43,9.7,9.43,9.55,4200,0
UOLL4,2010-09-23,9.5,9.55,9.4,9.55,11700,0
UOLL4,2010-09-24,9.55,9.85,9.51,9.58,38200,0
UOLL4,2010-09-27,9.61,9.73,9.51,9.73,8100,0
UOLL4,2010-09-28,9.7,9.7,9.64,9.68,6600,0
UOLL4,2010-09-29,9.72,9.75,9.53,9.7,23300,0
UOLL4,2010-09-30,9.69,9.85,9.58,9.7,8500,0
UOLL4,2010-10-01,9.7,9.85,9.38,9.57,46800,0
UOLL4,2010-10-04,9.53,9.79,9.53,9.74,9400,0
UOLL4,2010-10-05,9.74,10.09,9.71,9.87,89900,0
UOLL4,2010-10-06,9.7,9.9,9.69,9.79,19200,0
UOLL4,2010-10-07,9.89,9.89,9.69,9.77,69200,0
UOLL4,2010-10-08,9.77,9.89,9.74,9.8,5300,0
UOLL4,2010-10-11,9.7,9.8,9.65,9.75,16100,0
UOLL4,2010-10-13,9.75,10.25,9.7,9.7,103900,0
UOLL4,2010-10-14,9.66,9.71,9.51,9.7,667800,0
UOLL4,2010-10-15,9.77,10.25,9.77,10.01,114600,0
UOLL4,2010-10-18,10.05,10.25,9.81,9.99,65700,0
UOLL4,2010-10-19,10,10.16,9.91,10,16400,0
UOLL4,2010-10-20,9.91,10,9.9,9.9,34000,0
UOLL4,2010-10-21,9.82,9.99,9.8,9.94,9800,0
UOLL4,2010-10-22,9.99,10.1,9.81,9.99,21400,0
UOLL4,2010-10-25,9.99,10.01,9.86,9.86,29600,0
UOLL4,2010-10-26,9.85,10.09,9.82,9.85,62900,0
UOLL4,2010-10-27,10.05,10.05,9.84,9.99,3300,0
UOLL4,2010-10-28,9.99,10.08,9.94,10,13900,0
UOLL4,2010-10-29,9.87,10.39,9.8,10.2,183100,0
UOLL4,2010-11-01,10.25,10.25,10.05,10.2,119500,0
UOLL4,2010-11-03,10.1,10.26,10.03,10.16,17400,0
UOLL4,2010-11-04,10.16,10.38,10.12,10.38,39100,0
UOLL4,2010-11-05,10.08,10.75,10.08,10.7,21900,0
UOLL4,2010-11-08,10.7,10.7,10.1,10.26,120400,0
UOLL4,2010-11-09,10.3,10.48,10.3,10.45,301600,0
UOLL4,2010-11-10,10.6,10.6,10.3,10.45,63400,0
UOLL4,2010-11-11,10.45,10.55,10.45,10.49,2500,0
UOLL4,2010-11-12,10.5,10.7,10.37,10.59,61300,0
UOLL4,2010-11-16,10.65,10.7,10.2,10.56,29700,0
UOLL4,2010-11-17,10.66,10.68,10.4,10.68,20000,0
UOLL4,2010-11-18,10.71,11.14,10.71,11.08,104100,0
UOLL4,2010-11-19,11.11,11.11,10.8,10.9,18900,0
UOLL4,2010-11-22,11,11,10.7,10.85,120100,0
UOLL4,2010-11-23,10.75,10.85,10.48,10.84,18400,0
UOLL4,2010-11-24,11.09,11.11,10.73,11.09,34800,0
UOLL4,2010-11-25,10.98,10.98,10.61,10.96,29300,0
UOLL4,2010-11-26,10.9,10.9,10.68,10.8,9200,0
UOLL4,2010-11-29,10.85,10.85,10.85,10.85,5200,0
UOLL4,2010-11-30,10.8,11.09,10.71,10.94,26400,0
UOLL4,2010-12-01,10.94,11.19,10.94,11.1,34700,0
UOLL4,2010-12-02,11.2,11.45,11.08,11.4,43400,0
UOLL4,2010-12-03,11.47,11.65,11.4,11.49,12500,0
UOLL4,2010-12-06,11.6,12,11.6,11.97,135900,0
UOLL4,2010-12-07,11.78,11.98,11.7,11.9,67600,0
UOLL4,2010-12-08,11.94,11.95,11.59,11.89,58500,0
UOLL4,2010-12-09,11.65,11.68,11.64,11.65,17800,0
UOLL4,2010-12-10,11.75,11.87,11.5,11.5,13200,0
UOLL4,2010-12-13,11.74,11.89,11.6,11.84,78600,0
UOLL4,2010-12-14,11.9,12.99,11.9,12.45,227300,0
UOLL4,2010-12-15,12.65,12.99,12.5,12.99,117000,0
UOLL4,2010-12-16,12.62,12.71,12.25,12.64,103500,0
UOLL4,2010-12-17,12.8,12.87,12.55,12.75,136700,0
UOLL4,2010-12-20,12.7,12.9,12.54,12.59,51700,0
UOLL4,2010-12-21,12.86,12.89,12.7,12.89,96700,0
UOLL4,2010-12-22,12.9,12.92,12.72,12.72,25900,0
UOLL4,2010-12-23,12.83,12.83,12.56,12.72,73900,0
UOLL4,2010-12-27,12.82,12.83,12.62,12.82,16100,0
UOLL4,2010-12-28,12.8,12.82,12.75,12.75,60400,0
UOLL4,2010-12-29,12.75,12.87,12.75,12.79,58200,0
UOLL4,2010-12-30,12.9,13.49,12.79,13.27,233700,0
UOLL4,2011-01-03,13.33,13.68,13.2,13.52,280500,0
UOLL4,2011-01-04,13.5,13.65,13.48,13.65,587900,0
UOLL4,2011-01-05,13.65,13.9,13.65,13.67,113300,0
UOLL4,2011-01-06,13.71,13.81,13.66,13.74,244800,0
UOLL4,2011-01-07,13.8,13.8,13.65,13.7,113900,0
UOLL4,2011-01-10,13.53,13.84,13.53,13.84,176600,0
UOLL4,2011-01-11,13.85,14.66,13.85,14.24,54300,0
UOLL4,2011-01-12,14.02,14.58,14.01,14.42,121200,0
UOLL4,2011-01-13,14.54,14.59,14.01,14.45,55800,0
UOLL4,2011-01-14,14.43,14.91,14.43,14.75,185000,0
UOLL4,2011-01-17,14.98,15,14.86,14.9,22600,0
UOLL4,2011-01-18,14.99,15.1,14.63,14.78,62800,0
UOLL4,2011-01-19,14.62,14.65,14.32,14.44,87200,0
UOLL4,2011-01-20,14.7,14.7,14.39,14.68,56600,0
UOLL4,2011-01-21,14.43,14.55,14.34,14.55,19600,0
UOLL4,2011-01-24,14.55,14.74,14.37,14.7,145700,0
UOLL4,2011-01-26,14.7,15,14.5,15,453100,0
UOLL4,2011-01-27,15.24,15.36,15.07,15.14,42400,0
UOLL4,2011-01-28,15.19,15.2,14.85,14.9,187000,0
UOLL4,2011-01-31,15,15.05,14.5,14.5,224900,0
UOLL4,2011-02-01,14.4,14.93,14.4,14.75,557500,0
UOLL4,2011-02-02,14.7,14.7,14.6,14.6,288900,0
UOLL4,2011-02-03,14.54,14.78,14.5,14.7,152900,0
UOLL4,2011-02-04,14.39,14.79,14.39,14.67,308000,0
UOLL4,2011-02-07,14.7,14.8,14.7,14.8,37300,0
UOLL4,2011-02-08,14.8,14.8,14.6,14.6,43400,0
UOLL4,2011-02-09,14.6,14.85,14.41,14.74,5000,0
UOLL4,2011-02-10,14.66,14.74,14.45,14.49,1238500,0
UOLL4,2011-02-11,14.59,14.59,14.19,14.3,158700,0
UOLL4,2011-02-14,14.57,14.76,14.4,14.54,376900,0
UOLL4,2011-02-15,14.6,14.6,14.4,14.5,109600,0
UOLL4,2011-02-16,14.45,14.59,14.45,14.46,277600,0
UOLL4,2011-02-17,14.6,14.6,14.4,14.51,100100,0
UOLL4,2011-02-18,14.51,14.9,14.51,14.86,121900,0
UOLL4,2011-02-21,14.54,14.95,14.54,14.83,8800,0
UOLL4,2011-02-22,14.75,14.99,14.64,14.91,74100,0
UOLL4,2011-02-23,14.92,15.9,14.82,15.86,168000,0
UOLL4,2011-02-24,16,16,15.59,15.85,45100,0
UOLL4,2011-02-25,15.89,15.89,15.57,15.7,56200,0
UOLL4,2011-02-28,15.57,15.88,15.3,15.65,270700,0
UOLL4,2011-03-01,15.7,15.7,15.17,15.38,259400,0
UOLL4,2011-03-02,15.3,15.6,15.3,15.49,79700,0
UOLL4,2011-03-03,15.85,15.85,15.6,15.76,15200,0
UOLL4,2011-03-04,15.78,15.89,15.2,15.2,37400,0
UOLL4,2011-03-09,15.49,15.89,15.49,15.84,10000,0
UOLL4,2011-03-10,15.8,15.8,15.45,15.8,12400,0
UOLL4,2011-03-14,15.39,15.79,15.39,15.79,5100,0
UOLL4,2011-03-15,15.75,15.75,15.21,15.75,8700,0
UOLL4,2011-03-16,15.53,15.7,15.5,15.67,8500,0
UOLL4,2011-03-17,15.52,15.77,15.5,15.65,8600,0
UOLL4,2011-03-18,15.77,15.88,15.73,15.88,587100,0
UOLL4,2011-03-21,15.87,16.2,15.85,16.09,29300,0
UOLL4,2011-03-22,16.09,16.15,15.85,16.15,25400,0
UOLL4,2011-03-23,16,16,15.49,15.97,45100,0
UOLL4,2011-03-24,15.53,15.79,15.5,15.7,28300,0
UOLL4,2011-03-25,15.68,15.69,15.02,15.02,76200,0
UOLL4,2011-03-28,15,15.25,14.39,15.01,115800,0
UOLL4,2011-03-29,15.19,15.23,15,15.23,29100,0
UOLL4,2011-03-30,15.1,15.28,15.1,15.28,14600,0
UOLL4,2011-03-31,15.28,15.93,15.28,15.69,49500,0
UOLL4,2011-04-01,15.93,16.98,15.69,16.7,213200,0
UOLL4,2011-04-04,16.74,17.45,16.41,17.09,74000,0
UOLL4,2011-04-05,17.15,17.15,16.53,17.09,7100,0
UOLL4,2011-04-06,16.75,17.04,16.75,16.8,18200,0
UOLL4,2011-04-07,17.09,17.09,16.32,16.35,139600,0
UOLL4,2011-04-08,16.5,16.91,16.5,16.73,30000,0
UOLL4,2011-04-11,16.73,16.89,16.73,16.83,15800,0
UOLL4,2011-04-12,16.86,16.9,16.8,16.81,4900,0
UOLL4,2011-04-13,16.66,16.9,16.25,16.9,13600,0
UOLL4,2011-04-14,16.88,16.89,16.65,16.84,7700,0
UOLL4,2011-04-15,16.58,17.35,16.58,17.05,34900,0
